timestamp,symbol,open,high,low,close,volume
2023-09-19T00:00:00.000Z,BTCUSDT,26749.3,27484.9,26651.1,27193,152346.585
2023-09-20T00:00:00.000Z,BTCUSDT,27193,27383.1,26710.5,27110.6,129859.238
2023-09-21T00:00:00.000Z,BTCUSDT,27110.6,27149.9,26363,26554.5,132916.233
2023-09-22T00:00:00.000Z,BTCUSDT,26554.5,26732.9,26455.3,26565.7,55278.125
2023-09-23T00:00:00.000Z,BTCUSDT,26565.7,26620,26496.1,26565.6,15215.509
2023-09-24T00:00:00.000Z,BTCUSDT,26565.6,26724.9,26079,26232.9,52046.107
2023-09-25T00:00:00.000Z,BTCUSDT,26232.9,26437,25971.3,26287.5,103955.422
2023-09-26T00:00:00.000Z,BTCUSDT,26287.5,26382.5,26075.6,26207.4,64863.984
2023-09-27T00:00:00.000Z,BTCUSDT,26207.4,26838.7,26087.5,26359.5,137145.594
2023-09-28T00:00:00.000Z,BTCUSDT,26359.5,27312.7,26322,27010.7,166833.291
2023-09-29T00:00:00.000Z,BTCUSDT,27010.7,27238.9,26641,26894.7,105074.223
2023-09-30T00:00:00.000Z,BTCUSDT,26894.7,27082,26876.2,26953.5,27217.005
2023-10-01T00:00:00.000Z,BTCUSDT,26953.5,28350,26942.9,27979,92312.113
2023-10-02T00:00:00.000Z,BTCUSDT,27979,28591.7,27253.6,27484.1,230561.084
2023-10-03T00:00:00.000Z,BTCUSDT,27484.1,27662,27150.5,27413.2,105579.967
2023-10-04T00:00:00.000Z,BTCUSDT,27413.2,27825,27175.6,27764.7,109483.596
2023-10-05T00:00:00.000Z,BTCUSDT,27764.7,28115,27336.6,27397.3,138162.855
2023-10-06T00:00:00.000Z,BTCUSDT,27397.3,28285,27132,27912.5,169373.774
2023-10-07T00:00:00.000Z,BTCUSDT,27912.5,28020.8,27817.5,27942.3,36960.951
2023-10-08T00:00:00.000Z,BTCUSDT,27942.3,28077.7,27665.1,27899,60590.687
2023-10-09T00:00:00.000Z,BTCUSDT,27899,27971.5,27250,27579.2,127589.173
2023-10-10T00:00:00.000Z,BTCUSDT,27579.2,27721.7,27282.3,27378,97856.074
2023-10-11T00:00:00.000Z,BTCUSDT,27378,27465.4,26523,26865.5,164050.793
2023-10-12T00:00:00.000Z,BTCUSDT,26865.5,26932,26540.1,26746.4,83182.287
2023-10-13T00:00:00.000Z,BTCUSDT,26746.4,27120.1,26670.2,26846.7,94437.728
2023-10-14T00:00:00.000Z,BTCUSDT,26846.7,26978.8,26780,26841.6,24675.898
2023-10-15T00:00:00.000Z,BTCUSDT,26841.6,27283.1,26800,27139.3,58245.981
2023-10-16T00:00:00.000Z,BTCUSDT,27139.3,30625.8,27098,28480.9,367390.427
2023-10-17T00:00:00.000Z,BTCUSDT,28480.9,28600,28026,28380.7,117600.787
2023-10-18T00:00:00.000Z,BTCUSDT,28380.7,28993.7,28125,28309.1,115382.253
2023-10-19T00:00:00.000Z,BTCUSDT,28309.1,28922.1,28074,28696.9,124173.792
2023-10-20T00:00:00.000Z,BTCUSDT,28696.9,30260,28555.6,29652.7,213127.039
2023-10-21T00:00:00.000Z,BTCUSDT,29652.7,30382,29450.3,29891.6,100368.078
2023-10-22T00:00:00.000Z,BTCUSDT,29891.6,30321,29605.9,29978.7,78161.779
2023-10-23T00:00:00.000Z,BTCUSDT,29978.7,36743.5,29875,33092.9,397499.899
2023-10-24T00:00:00.000Z,BTCUSDT,33092.9,35299.9,32843.3,33935.8,318075.969
2023-10-25T00:00:00.000Z,BTCUSDT,33935.8,35184.8,33685,34505,182268.981
2023-10-26T00:00:00.000Z,BTCUSDT,34505,34845.1,33751,34166.1,120771.122
2023-10-27T00:00:00.000Z,BTCUSDT,34166.1,34276.3,33350,33911,106620.956
2023-10-28T00:00:00.000Z,BTCUSDT,33911,34592.7,33881,34097.4,54426.813
2023-10-29T00:00:00.000Z,BTCUSDT,34097.4,34795,33936.1,34535.8,64826.587
2023-10-30T00:00:00.000Z,BTCUSDT,34535.8,34913.2,34026.4,34501.6,100478.788
2023-10-31T00:00:00.000Z,BTCUSDT,34501.6,34761,34041.4,34667.1,94084.316
2023-11-01T00:00:00.000Z,BTCUSDT,34667.1,35749.8,34058,35442.4,196036.327
2023-11-02T00:00:00.000Z,BTCUSDT,35442.4,36084.2,34295.7,34958.5,188074.069
2023-11-03T00:00:00.000Z,BTCUSDT,34958.5,34959.7,34131.7,34720.1,159625.647
2023-11-04T00:00:00.000Z,BTCUSDT,34720.1,35279,34588.2,35075,67541.282
2023-11-05T00:00:00.000Z,BTCUSDT,35075,35449,34415.8,35035.8,114892.324
2023-11-06T00:00:00.000Z,BTCUSDT,35035.8,35310.9,34750,35072.9,89574.04
2023-11-07T00:00:00.000Z,BTCUSDT,35072.9,35927.9,34526.6,35424.5,147118.124
2023-11-08T00:00:00.000Z,BTCUSDT,35424.5,36187.7,35075,35641.7,142056.786
2023-11-09T00:00:00.000Z,BTCUSDT,35641.7,38149,35554.2,36726.5,342798.621
2023-11-10T00:00:00.000Z,BTCUSDT,36726.5,37604.2,36360,37335.2,128742.659
2023-11-11T00:00:00.000Z,BTCUSDT,37335.2,37429.3,36613.6,37163,63620.869
2023-11-12T00:00:00.000Z,BTCUSDT,37163,37260.3,36748.8,37089.5,43636.659
2023-11-13T00:00:00.000Z,BTCUSDT,37089.5,37473,36327.9,36485.2,110926.082
2023-11-14T00:00:00.000Z,BTCUSDT,36485.2,36786.2,34542.9,35560.5,185436.28
2023-11-15T00:00:00.000Z,BTCUSDT,35560.5,38016.9,35384.9,37893.9,199400.608
2023-11-16T00:00:00.000Z,BTCUSDT,37893.9,37968.1,35500,36178.5,188403.958
2023-11-17T00:00:00.000Z,BTCUSDT,36178.5,36939.1,35870.4,36638.2,139270.149
2023-11-18T00:00:00.000Z,BTCUSDT,36638.2,36898.2,36203.3,36597.4,47285.077
2023-11-19T00:00:00.000Z,BTCUSDT,36597.4,37534.7,36378.8,37386.9,68516.97
2023-11-20T00:00:00.000Z,BTCUSDT,37386.9,37846.7,36620.1,37469.3,152675.081
2023-11-21T00:00:00.000Z,BTCUSDT,37469.3,37693.2,35720,35741.1,218739.168
2023-11-22T00:00:00.000Z,BTCUSDT,35741.1,37888,35613,37424,152505.06
2023-11-23T00:00:00.000Z,BTCUSDT,37424,37677,36867.3,37297.7,82102.262
2023-11-24T00:00:00.000Z,BTCUSDT,37297.7,38435.7,37256.6,37725,159248.043
2023-11-25T00:00:00.000Z,BTCUSDT,37725,37900,37582.8,37791,31725.92
2023-11-26T00:00:00.000Z,BTCUSDT,37791,37827,37124.4,37455.4,77450.459
2023-11-27T00:00:00.000Z,BTCUSDT,37455.4,37569.3,36714.5,37256,108615.922
2023-11-28T00:00:00.000Z,BTCUSDT,37256,38430,36880,37820,144642.744
2023-11-29T00:00:00.000Z,BTCUSDT,37820,38600.1,37566,37858.6,122257.017
2023-11-30T00:00:00.000Z,BTCUSDT,37858.6,38145,37429,37727.4,79915.758
2023-12-01T00:00:00.000Z,BTCUSDT,37727.4,39031.6,37612.8,38684.8,143622.975
2023-12-02T00:00:00.000Z,BTCUSDT,38684.8,39894,38640,39455,90701.737
2023-12-03T00:00:00.000Z,BTCUSDT,39455,40439.9,39280,39999.9,93221.86
2023-12-04T00:00:00.000Z,BTCUSDT,39999.9,42479.3,39996.6,42006.9,270587.629
2023-12-05T00:00:00.000Z,BTCUSDT,42006.9,44555,41380,44103.4,238309.722
2023-12-06T00:00:00.000Z,BTCUSDT,44103.4,44331.6,43379.4,43785.2,147887.826
2023-12-07T00:00:00.000Z,BTCUSDT,43785.2,44087.7,42833.4,43308,151152.495
2023-12-08T00:00:00.000Z,BTCUSDT,43308,44777,43005,44209.7,119680.381
2023-12-09T00:00:00.000Z,BTCUSDT,44209.7,44416.1,43326.6,43740,79852.857
2023-12-10T00:00:00.000Z,BTCUSDT,43740,44114.6,43570.8,43823.8,54340.961
2023-12-11T00:00:00.000Z,BTCUSDT,43823.8,43854.8,40167.7,41272.1,292825.608
2023-12-12T00:00:00.000Z,BTCUSDT,41272.1,42168.1,40683.9,41526,155775.791
2023-12-13T00:00:00.000Z,BTCUSDT,41526,43600,40510.9,42896.9,172684.166
2023-12-14T00:00:00.000Z,BTCUSDT,42896.9,43475,41190,43050,171113.507
2023-12-15T00:00:00.000Z,BTCUSDT,43050,43112.5,41671.6,41979.7,108220.713
2023-12-16T00:00:00.000Z,BTCUSDT,41979.7,42783.3,41619.8,42296.3,59710.186
2023-12-17T00:00:00.000Z,BTCUSDT,42296.3,42479.2,41255.5,41395.2,89308.204
2023-12-18T00:00:00.000Z,BTCUSDT,41395.2,42810.6,40566,42683.6,163735.59
2023-12-19T00:00:00.000Z,BTCUSDT,42683.6,43548,41836.4,42298,141858.496
2023-12-20T00:00:00.000Z,BTCUSDT,42298,44355,42206.3,43710,169804.361
2023-12-21T00:00:00.000Z,BTCUSDT,43710,44290,43324.3,43902.1,116069.192
2023-12-22T00:00:00.000Z,BTCUSDT,43902.1,44473.9,43414.1,44010,103438.936
2023-12-23T00:00:00.000Z,BTCUSDT,44010,44029.2,43262.9,43735.7,48410.035
2023-12-24T00:00:00.000Z,BTCUSDT,43735.7,43987,42534.1,43022.3,69561.201
2023-12-25T00:00:00.000Z,BTCUSDT,43022.3,43874.5,42742.7,43611.8,73588.365
2023-12-26T00:00:00.000Z,BTCUSDT,43611.8,43634.1,41655,42552,117392.677
2023-12-27T00:00:00.000Z,BTCUSDT,42552,43710,42138.7,43454,98585.24
2023-12-28T00:00:00.000Z,BTCUSDT,43454,43849.5,42302.2,42607,101490.442
2023-12-29T00:00:00.000Z,BTCUSDT,42607,43170,41278,42095.3,135840.807
2023-12-30T00:00:00.000Z,BTCUSDT,42095.3,42654,41554.4,42177.2,68905.516
2023-12-31T00:00:00.000Z,BTCUSDT,42177.2,42945.9,42012.5,42324.8,59446.764
2024-01-01T00:00:00.000Z,BTCUSDT,42324.8,44284.9,42211.2,44235.5,79123.439
2024-01-02T00:00:00.000Z,BTCUSDT,44235.5,45946.5,44208.7,44989,180530.083
2024-01-03T00:00:00.000Z,BTCUSDT,44989,45567.8,40210,42871.9,308217.553
2024-01-04T00:00:00.000Z,BTCUSDT,42871.9,44875.5,42637,44156.3,164677.973
2024-01-05T00:00:00.000Z,BTCUSDT,44156.3,44436.4,42181,44156.8,194356.602
2024-01-06T00:00:00.000Z,BTCUSDT,44156.8,44229.4,43400.7,43972.4,54322.09
2024-01-07T00:00:00.000Z,BTCUSDT,43972.4,44509.6,43577,43936.2,73660.896
2024-01-08T00:00:00.000Z,BTCUSDT,43936.2,47318.3,43136.9,46972.8,228622.432
2024-01-09T00:00:00.000Z,BTCUSDT,46972.8,48083.4,44750,46128,237993.417
2024-01-10T00:00:00.000Z,BTCUSDT,46128,47732,44301,46659.9,322480.711
2024-01-11T00:00:00.000Z,BTCUSDT,46659.9,49054.4,45525.3,46347.7,271464.986
2024-01-12T00:00:00.000Z,BTCUSDT,46347.7,46550,41323,42797.9,265780.733
2024-01-13T00:00:00.000Z,BTCUSDT,42797.9,43267.6,42449,42855,82905.624
2024-01-14T00:00:00.000Z,BTCUSDT,42855,43110.3,41708.8,41731,81035.038
2024-01-15T00:00:00.000Z,BTCUSDT,41731,43394.6,41710.6,42508.1,111679.642
2024-01-16T00:00:00.000Z,BTCUSDT,42508.1,43579.9,42003.9,43128.1,127527.621
2024-01-17T00:00:00.000Z,BTCUSDT,43128.1,43197,42195.7,42782.1,92130.551
2024-01-18T00:00:00.000Z,BTCUSDT,42782.1,42931.3,40669,41330.5,153800.047
2024-01-19T00:00:00.000Z,BTCUSDT,41330.5,42199,40269,41663,164161.205
2024-01-20T00:00:00.000Z,BTCUSDT,41663,41874.9,41412.6,41691.9,39254.922
2024-01-21T00:00:00.000Z,BTCUSDT,41691.9,41867.8,41493,41585.6,31700.954
2024-01-22T00:00:00.000Z,BTCUSDT,41585.6,41695,39360,39559.3,233028.916
2024-01-23T00:00:00.000Z,BTCUSDT,39559.3,40180,38531.5,39900.1,189987.298
2024-01-24T00:00:00.000Z,BTCUSDT,39900.1,40565.3,39488,40078.1,123100.521
2024-01-25T00:00:00.000Z,BTCUSDT,40078.1,40324.3,39537,39954,94694.218
2024-01-26T00:00:00.000Z,BTCUSDT,39954,42238.1,39810,41805.5,161746.762
2024-01-27T00:00:00.000Z,BTCUSDT,41805.5,42193.3,41365,42095.8,45700.269
2024-01-28T00:00:00.000Z,BTCUSDT,42095.8,42839.9,41587.4,42016.1,95870.896
2024-01-29T00:00:00.000Z,BTCUSDT,42016.1,43436.9,41767.9,43286.2,114448.566
2024-01-30T00:00:00.000Z,BTCUSDT,43286.2,43890.8,42647.5,42919,124016.716
2024-01-31T00:00:00.000Z,BTCUSDT,42919,43735.9,42255,42552.7,150732.5
2024-02-01T00:00:00.000Z,BTCUSDT,42552.7,43307.3,41843.5,43064.6,132267.318
2024-02-02T00:00:00.000Z,BTCUSDT,43064.6,43476.7,42520.3,43178.1,88716.224
2024-02-03T00:00:00.000Z,BTCUSDT,43178.1,43377.8,42859.1,42991.8,30788.965
2024-02-04T00:00:00.000Z,BTCUSDT,42991.8,43114.7,42154,42559.6,46154.743
2024-02-05T00:00:00.000Z,BTCUSDT,42559.6,43567.9,42229.6,42692.6,108809.566
2024-02-06T00:00:00.000Z,BTCUSDT,42692.6,43370.4,42554,43083.9,76359.016
2024-02-07T00:00:00.000Z,BTCUSDT,43083.9,44379.1,42774.2,44318,104988.714
2024-02-08T00:00:00.000Z,BTCUSDT,44318,45628.2,44300.1,45260.5,133841.458
2024-02-09T00:00:00.000Z,BTCUSDT,45260.5,48230,45210,47122.4,215540.748
2024-02-10T00:00:00.000Z,BTCUSDT,47122.4,48197.9,46840,47728.1,70822.471
2024-02-11T00:00:00.000Z,BTCUSDT,47728.1,48603.5,47555.7,48328.5,86528.297
2024-02-12T00:00:00.000Z,BTCUSDT,48328.5,50439.2,47712.8,49960.9,192841.204
2024-02-13T00:00:00.000Z,BTCUSDT,49960.9,50430.5,48300.1,49710.4,168940.1
2024-02-14T00:00:00.000Z,BTCUSDT,49710.4,52098.4,49220.5,51821.8,172393.533
2024-02-15T00:00:00.000Z,BTCUSDT,51821.8,52879.5,51322.5,51904.2,167412.423
2024-02-16T00:00:00.000Z,BTCUSDT,51904.2,52625,51586.2,52151.8,110559.798
2024-02-17T00:00:00.000Z,BTCUSDT,52151.8,52200,50652.3,51693.1,100138.831
2024-02-18T00:00:00.000Z,BTCUSDT,51693.1,52456.7,51176,52174.9,75661.573
2024-02-19T00:00:00.000Z,BTCUSDT,52174.9,52559.2,51701,51814.9,80885.769
2024-02-20T00:00:00.000Z,BTCUSDT,51814.9,53120,50725.2,52287.1,172781.292
2024-02-21T00:00:00.000Z,BTCUSDT,52287.1,52404.5,50430,51875.2,151061.973
2024-02-22T00:00:00.000Z,BTCUSDT,51875.2,52119.7,50939.9,51304.7,110013.081
2024-02-23T00:00:00.000Z,BTCUSDT,51304.7,51571.7,50538.5,50774.1,98395.293
2024-02-24T00:00:00.000Z,BTCUSDT,50774.1,51742.7,50600,51588.9,44354.878
2024-02-25T00:00:00.000Z,BTCUSDT,51588.9,52000,51300,51747.5,50018.677
2024-02-26T00:00:00.000Z,BTCUSDT,51747.5,54992.2,50922,54515,172863.566
2024-02-27T00:00:00.000Z,BTCUSDT,54515,57699,54488.8,57077.9,221561.137
2024-02-28T00:00:00.000Z,BTCUSDT,57077.9,64496.7,56735.4,62484.1,452005.803
2024-02-29T00:00:00.000Z,BTCUSDT,62484.1,63796.6,60460.9,61184.1,247267.548
2024-03-01T00:00:00.000Z,BTCUSDT,61184.1,63181.9,60827,62417.6,128026.11
2024-03-02T00:00:00.000Z,BTCUSDT,62417.6,62499,61591.3,62055.9,59336.96
2024-03-03T00:00:00.000Z,BTCUSDT,62055.9,63333,61317.7,63179.1,80467.66
2024-03-04T00:00:00.000Z,BTCUSDT,63179.1,68686.8,62235,68360,272675.266
2024-03-05T00:00:00.000Z,BTCUSDT,68360,69387.2,59111,63750.1,420727.422
2024-03-06T00:00:00.000Z,BTCUSDT,63750.1,67764.5,62824.1,66118.5,236268.315
2024-03-07T00:00:00.000Z,BTCUSDT,66118.5,68160.3,65555,66858.7,123387.181
2024-03-08T00:00:00.000Z,BTCUSDT,66858.7,70320,66135.1,68165,183236.739
2024-03-09T00:00:00.000Z,BTCUSDT,68165,68606,67897.4,68374.4,31306.791
2024-03-10T00:00:00.000Z,BTCUSDT,68374.4,70029.1,68122,68999.6,97914.417
2024-03-11T00:00:00.000Z,BTCUSDT,68999.6,72919.6,66923,72152.4,181576.665
2024-03-12T00:00:00.000Z,BTCUSDT,72152.4,73391,68671.3,71512,201923.678
2024-03-13T00:00:00.000Z,BTCUSDT,71512,73749.9,71382.2,73133,127778.397
2024-03-14T00:00:00.000Z,BTCUSDT,73133,73949,68613.6,71473.1,209363.193
2024-03-15T00:00:00.000Z,BTCUSDT,71473.1,72525,65559.2,69523.8,290396.76
2024-03-16T00:00:00.000Z,BTCUSDT,69523.8,70081.3,64696.4,65331.2,147941.177
2024-03-17T00:00:00.000Z,BTCUSDT,65331.2,68970,64539.8,68432.2,127270.331
2024-03-18T00:00:00.000Z,BTCUSDT,68432.2,69040,66533.5,67643.9,139068.527
2024-03-19T00:00:00.000Z,BTCUSDT,67643.9,68174.9,61555,61971.5,270938.291
2024-03-20T00:00:00.000Z,BTCUSDT,61971.5,68133.2,60761.2,67850.5,240043.647
2024-03-21T00:00:00.000Z,BTCUSDT,67850.5,68287.7,64528,65536,141743.448
2024-03-22T00:00:00.000Z,BTCUSDT,65536,66666.6,62098,63815.8,191857.048
2024-03-23T00:00:00.000Z,BTCUSDT,63815.8,66064.7,63001.1,63996.3,101837.278
2024-03-24T00:00:00.000Z,BTCUSDT,63996.3,67698.8,63780.6,67248.1,99682.156
2024-03-25T00:00:00.000Z,BTCUSDT,67248.1,71278.3,66374.5,69903.4,166456.851
2024-03-26T00:00:00.000Z,BTCUSDT,69903.4,71650,69333,70046,135865.987
2024-03-27T00:00:00.000Z,BTCUSDT,70046,71898,68400,69548.6,185536.844
2024-03-28T00:00:00.000Z,BTCUSDT,69548.6,71615.8,68955,70858.8,101498.006
2024-03-29T00:00:00.000Z,BTCUSDT,70858.8,70990,69000.5,69899.2,84601.991
2024-03-30T00:00:00.000Z,BTCUSDT,69899.2,70400,69582,69638.7,30401.748
2024-03-31T00:00:00.000Z,BTCUSDT,69638.7,71514.2,69609.4,71378,48414.928
2024-04-01T00:00:00.000Z,BTCUSDT,71378,71394.6,68043.8,69706.8,125799.636
2024-04-02T00:00:00.000Z,BTCUSDT,69706.8,69743.9,64490,65484,213352.261
2024-04-03T00:00:00.000Z,BTCUSDT,65484,66950,64406,65971.5,116505.398
2024-04-04T00:00:00.000Z,BTCUSDT,65971.5,69315.8,65035.7,68480.4,139284.141
2024-04-05T00:00:00.000Z,BTCUSDT,68480.4,68775.9,65943,67814,142673.449
2024-04-06T00:00:00.000Z,BTCUSDT,67814,69699.9,67457.9,68894.6,48282.669
2024-04-07T00:00:00.000Z,BTCUSDT,68894.6,70366,68803.4,69355,67662.806
2024-04-08T00:00:00.000Z,BTCUSDT,69355,72854.5,69050,71674.4,130297.113
2024-04-09T00:00:00.000Z,BTCUSDT,71674.4,71814,68200.3,69187,153248.683
2024-04-10T00:00:00.000Z,BTCUSDT,69187,71269,67506.1,70655.8,148360.695
2024-04-11T00:00:00.000Z,BTCUSDT,70655.8,71341.7,69580,70038.5,117732.438
2024-04-12T00:00:00.000Z,BTCUSDT,70038.5,71281.1,64669,67120.5,193747.829
2024-04-13T00:00:00.000Z,BTCUSDT,67120.5,67937.6,59765.9,63905.1,221184.794
2024-04-14T00:00:00.000Z,BTCUSDT,63905.1,65824,62088.7,65618.9,171702.581
2024-04-15T00:00:00.000Z,BTCUSDT,65618.9,66834.9,62222,63413.7,178673.478
2024-04-16T00:00:00.000Z,BTCUSDT,63413.7,64357.6,61512.5,63772.3,178361.486
2024-04-17T00:00:00.000Z,BTCUSDT,63772.3,64479.9,59605,61245,190236.376
2024-04-18T00:00:00.000Z,BTCUSDT,61245,64166.1,60757,63445.1,153817.52
2024-04-19T00:00:00.000Z,BTCUSDT,63445.1,65431.6,59521.7,63774.8,238467.879
2024-04-20T00:00:00.000Z,BTCUSDT,63774.8,65407,63038.5,64900,82788.639
2024-04-21T00:00:00.000Z,BTCUSDT,64900,65694.2,64200,64910.9,68102.911
2024-04-22T00:00:00.000Z,BTCUSDT,64910.9,67198.9,64463.1,66770.3,104119.156
2024-04-23T00:00:00.000Z,BTCUSDT,66770.3,67145.7,65750,66397.8,78292.862
2024-04-24T00:00:00.000Z,BTCUSDT,66397.8,67084.5,63562.6,64259.1,124268.416
2024-04-25T00:00:00.000Z,BTCUSDT,64259.1,65272.3,62745.2,64464.6,125184.423
2024-04-26T00:00:00.000Z,BTCUSDT,64464.6,64798,63273,63746,92008.412
2024-04-27T00:00:00.000Z,BTCUSDT,63746,63900,62370,63412.9,72867.974
2024-04-28T00:00:00.000Z,BTCUSDT,63412.9,64336.8,62674.2,63092.8,54486.794
2024-04-29T00:00:00.000Z,BTCUSDT,63092.8,64193,61729.9,63827.9,113196.803
2024-04-30T00:00:00.000Z,BTCUSDT,63827.9,64705.3,59132,60655.9,201222.12
2024-05-01T00:00:00.000Z,BTCUSDT,60655.9,60820,56505,58298.5,254425.925
2024-05-02T00:00:00.000Z,BTCUSDT,58298.5,59581,56887.3,59030.4,131444.898
2024-05-03T00:00:00.000Z,BTCUSDT,59030.4,63343.7,58780,62843.7,150514.932
2024-05-04T00:00:00.000Z,BTCUSDT,62843.7,64499.9,62512.8,63860,83894.05
2024-05-05T00:00:00.000Z,BTCUSDT,63860,64630,62866.1,63997.8,70925.504
2024-05-06T00:00:00.000Z,BTCUSDT,63997.8,65540,62669,63149.3,141354.736
2024-05-07T00:00:00.000Z,BTCUSDT,63149.3,64398.7,62230,62314.5,105874.296
2024-05-08T00:00:00.000Z,BTCUSDT,62314.5,63024.5,60850,61164,105337.308
2024-05-09T00:00:00.000Z,BTCUSDT,61164,63405.5,60544.5,63035.5,108058.166
2024-05-10T00:00:00.000Z,BTCUSDT,63035.5,63447.8,60111,60789.1,127069.119
2024-05-11T00:00:00.000Z,BTCUSDT,60789.1,61500,60461,60810.2,42665.587
2024-05-12T00:00:00.000Z,BTCUSDT,60810.2,61854.2,60566.6,61449.7,41972.384
2024-05-13T00:00:00.000Z,BTCUSDT,61449.7,63437.3,60707.8,62909.4,105341.089
2024-05-14T00:00:00.000Z,BTCUSDT,62909.4,63095.9,61000.1,61546,104281.757
2024-05-15T00:00:00.000Z,BTCUSDT,61546,66430,61310,66185.4,143725.174
2024-05-16T00:00:00.000Z,BTCUSDT,66185.4,66770,64580.4,65226,96849.243
2024-05-17T00:00:00.000Z,BTCUSDT,65226,67443.8,65070.1,66973,88751.785
2024-05-18T00:00:00.000Z,BTCUSDT,66973,67346.5,66469,66875.8,43134.141
2024-05-19T00:00:00.000Z,BTCUSDT,66875.8,67737.7,65822,66235.6,62553.289
2024-05-20T00:00:00.000Z,BTCUSDT,66235.6,71638.3,66034,71436.9,156122.4
2024-05-21T00:00:00.000Z,BTCUSDT,71436.9,72061.7,69155,70167.8,117990.801
2024-05-22T00:00:00.000Z,BTCUSDT,70167.8,70713,68812.4,69210.1,84291.058
2024-05-23T00:00:00.000Z,BTCUSDT,69210.1,70159.4,66311.1,68000.3,136420.555
2024-05-24T00:00:00.000Z,BTCUSDT,68000.3,69279.9,66628.2,68580,77917.904
2024-05-25T00:00:00.000Z,BTCUSDT,68580,69636.3,68524.4,69306.2,31716.594
2024-05-26T00:00:00.000Z,BTCUSDT,69306.2,69598.7,68121,68528.6,37264.099
2024-05-27T00:00:00.000Z,BTCUSDT,68528.6,70737.9,68277,69450,67396.446
2024-05-28T00:00:00.000Z,BTCUSDT,69450,69613.7,67250,68443.6,111353.39
2024-05-29T00:00:00.000Z,BTCUSDT,68443.6,68989,67124.7,67676,72408.639
2024-05-30T00:00:00.000Z,BTCUSDT,67676,69560,67137,68371.8,87306.017
2024-05-31T00:00:00.000Z,BTCUSDT,68371.8,69077,66660,67555.8,84170.831
2024-06-01T00:00:00.000Z,BTCUSDT,67555.8,67942,67456.9,67792.8,17910.792
2024-06-02T00:00:00.000Z,BTCUSDT,67792.8,68498.6,67279.7,67776.3,39704.642
2024-06-03T00:00:00.000Z,BTCUSDT,67776.3,70344.1,67621.5,68837,94179.255
2024-06-04T00:00:00.000Z,BTCUSDT,68837,71110,68604.9,70559.3,82484.556
2024-06-05T00:00:00.000Z,BTCUSDT,70559.3,71819.6,70406,71140.6,79206.351
2024-06-06T00:00:00.000Z,BTCUSDT,71140.6,71699.9,70144.1,70835.8,66768.725
2024-06-07T00:00:00.000Z,BTCUSDT,70835.8,72169,68336.7,69389.9,130476.427
2024-06-08T00:00:00.000Z,BTCUSDT,69389.9,69610.5,69204,69326,21632.956
2024-06-09T00:00:00.000Z,BTCUSDT,69326,69864.7,69157.1,69642.3,25358.39
2024-06-10T00:00:00.000Z,BTCUSDT,69642.3,70180.6,69168.4,69516,47982.027
2024-06-11T00:00:00.000Z,BTCUSDT,69516,69570,65931.6,67276.3,139668.428
2024-06-12T00:00:00.000Z,BTCUSDT,67276.3,70000,66859.4,68240.9,149220.988
2024-06-13T00:00:00.000Z,BTCUSDT,68240.9,68500,66225.9,66742.5,106150.805
2024-06-14T00:00:00.000Z,BTCUSDT,66742.5,67341,65030,66021.2,101695.278
2024-06-15T00:00:00.000Z,BTCUSDT,66021.2,66446.1,65808.1,66184,25770.212
2024-06-16T00:00:00.000Z,BTCUSDT,66184,66949.6,66007.5,66638.2,29095.037
2024-06-17T00:00:00.000Z,BTCUSDT,66638.2,67289.9,65058,66454.8,106576.66
2024-06-18T00:00:00.000Z,BTCUSDT,66454.8,66552.8,64026.6,65146.5,147352.39
2024-06-19T00:00:00.000Z,BTCUSDT,65146.5,65700,64650,64940.2,66754.284
2024-06-20T00:00:00.000Z,BTCUSDT,64940.2,66458,64514.2,64853.9,97387.015
2024-06-21T00:00:00.000Z,BTCUSDT,64853.9,65070.7,63333,64108.3,108980.511
2024-06-22T00:00:00.000Z,BTCUSDT,64108.3,64498.9,63904.1,64223.1,18697.975
2024-06-23T00:00:00.000Z,BTCUSDT,64223.1,64484.1,63123.1,63179.9,30789.887
2024-06-24T00:00:00.000Z,BTCUSDT,63179.9,63329.9,58320,60257.1,221288.65
2024-06-25T00:00:00.000Z,BTCUSDT,60257.1,62401.3,60217.9,61764.4,127690.308
2024-06-26T00:00:00.000Z,BTCUSDT,61764.4,62467.9,60666,60838.5,88063.807
2024-06-27T00:00:00.000Z,BTCUSDT,60838.5,62380,60564.8,61659.5,79074.717
2024-06-28T00:00:00.000Z,BTCUSDT,61659.5,62218,60011.5,60406.1,85662.775
2024-06-29T00:00:00.000Z,BTCUSDT,60406.1,61198.9,60378.1,60939.9,32466.206
2024-06-30T00:00:00.000Z,BTCUSDT,60939.9,63041.3,60673,62749.5,69847.886
2024-07-01T00:00:00.000Z,BTCUSDT,62749.5,63845,62464.4,62860.1,88928.106
2024-07-02T00:00:00.000Z,BTCUSDT,62860.1,63259,61779.6,62092.6,69452.838
2024-07-03T00:00:00.000Z,BTCUSDT,62092.6,62250,59350.2,60184.8,132930.045
2024-07-04T00:00:00.000Z,BTCUSDT,60184.8,60464.6,56687.5,57034.6,197056.627
2024-07-05T00:00:00.000Z,BTCUSDT,57034.6,57523.4,53314.3,56602.8,240355.557
2024-07-06T00:00:00.000Z,BTCUSDT,56602.8,58489.6,56002,58204.1,75155.695
2024-07-07T00:00:00.000Z,BTCUSDT,58204.1,58420,55710,55840,98532.507
2024-07-08T00:00:00.000Z,BTCUSDT,55840,58195.4,54228.3,56696.5,206890.576
2024-07-09T00:00:00.000Z,BTCUSDT,56696.5,58315.7,56257,58029.9,119422.257
2024-07-10T00:00:00.000Z,BTCUSDT,58029.9,59471.4,57127,57713.8,114198.732
2024-07-11T00:00:00.000Z,BTCUSDT,57713.8,59661.5,57016.1,57312.1,131008.25
2024-07-12T00:00:00.000Z,BTCUSDT,57312.1,58514.2,56513.3,57860.9,107764.152
2024-07-13T00:00:00.000Z,BTCUSDT,57860.9,59869.9,57711.2,59181.8,64548.245
2024-07-14T00:00:00.000Z,BTCUSDT,59181.8,61387.9,59170.3,60755.8,96422.363
2024-07-15T00:00:00.000Z,BTCUSDT,60755.8,64900,60601.9,64696.1,160992.866
2024-07-16T00:00:00.000Z,BTCUSDT,64696.1,65365,62350.3,65027,172009.771
2024-07-17T00:00:00.000Z,BTCUSDT,65027,66119.2,63800,64048.6,121109.072
2024-07-18T00:00:00.000Z,BTCUSDT,64048.6,65132.9,63200,63966.8,95790.592
2024-07-19T00:00:00.000Z,BTCUSDT,63966.8,67368.4,63281,66631.9,141906.542
2024-07-20T00:00:00.000Z,BTCUSDT,66631.9,67599.9,66202,67103.2,57216.059
2024-07-21T00:00:00.000Z,BTCUSDT,67103.2,68371.7,65738,68150,102208.243
2024-07-22T00:00:00.000Z,BTCUSDT,68150,68467.9,66543,67493.6,94044.527
2024-07-23T00:00:00.000Z,BTCUSDT,67493.6,67719.8,65371.6,65922.1,130161.566
2024-07-24T00:00:00.000Z,BTCUSDT,65922.1,67105.2,64903,65364.6,99290.969
2024-07-25T00:00:00.000Z,BTCUSDT,65364.6,66205.8,63378.5,65767.6,148585.813
2024-07-26T00:00:00.000Z,BTCUSDT,65767.6,68212.6,65695,67881.2,110878.882
2024-07-27T00:00:00.000Z,BTCUSDT,67881.2,69400,66608.3,67902,164973.501
2024-07-28T00:00:00.000Z,BTCUSDT,67902,68337.9,67026.9,68240.9,57209.896
2024-07-29T00:00:00.000Z,BTCUSDT,68240.9,70136.9,66360.9,66757.7,170668.757
2024-07-30T00:00:00.000Z,BTCUSDT,66757.7,66958.9,65265,66170,116692.506
2024-07-31T00:00:00.000Z,BTCUSDT,66170,66832,64502.4,64615.9,114141.657
2024-08-01T00:00:00.000Z,BTCUSDT,64615.9,65634.3,62217.7,65341.1,176298.517
2024-08-02T00:00:00.000Z,BTCUSDT,65341.1,65576.4,61171.5,61459,195870.336
2024-08-03T00:00:00.000Z,BTCUSDT,61459,62154,59822,60682,131379.655
2024-08-04T00:00:00.000Z,BTCUSDT,60682,61088,57150,58131.6,160008.509
2024-08-05T00:00:00.000Z,BTCUSDT,58131.6,58278.3,48914.1,53988.2,563087.729
2024-08-06T00:00:00.000Z,BTCUSDT,53988.2,57056.1,53917.3,55989.8,208496.835
2024-08-07T00:00:00.000Z,BTCUSDT,55989.8,57762.5,54517.7,55109.5,174213.427
2024-08-08T00:00:00.000Z,BTCUSDT,55109.5,62743.1,54705,61670.2,223316.503
2024-08-09T00:00:00.000Z,BTCUSDT,61670.2,61733,59488,60814.9,139235.433
2024-08-10T00:00:00.000Z,BTCUSDT,60814.9,61459.9,60223,60893.7,50607.723
2024-08-11T00:00:00.000Z,BTCUSDT,60893.7,61880,58264,58703.4,100013.914
2024-08-12T00:00:00.000Z,BTCUSDT,58703.4,60691.5,57555,59316.1,197646.862
2024-08-13T00:00:00.000Z,BTCUSDT,59316.1,61576.7,58380,60558.8,136710.133
2024-08-14T00:00:00.000Z,BTCUSDT,60558.8,61950.3,58399.1,58647.7,146970.627
2024-08-15T00:00:00.000Z,BTCUSDT,58647.7,59833.7,56052.1,57515.9,185055.183
2024-08-16T00:00:00.000Z,BTCUSDT,57515.9,59800.1,57071.7,58850,136354.711
2024-08-17T00:00:00.000Z,BTCUSDT,58850,59698.8,58765,59475.1,39023.108
2024-08-18T00:00:00.000Z,BTCUSDT,59475.1,60288.5,58400,58406.4,71746.256
2024-08-19T00:00:00.000Z,BTCUSDT,58406.4,59600,57753.1,59403.9,107202.581
2024-08-20T00:00:00.000Z,BTCUSDT,59403.9,61455.8,58400,58978,161097.025
2024-08-21T00:00:00.000Z,BTCUSDT,58978,61835,58728.4,61120.6,145061.264
2024-08-22T00:00:00.000Z,BTCUSDT,61120.6,61386.2,59623.9,60355.3,103268.447
2024-08-23T00:00:00.000Z,BTCUSDT,60355.3,65041.9,60316.1,64005,180897.088
2024-08-24T00:00:00.000Z,BTCUSDT,64005,64485,63520,64130.3,56009.29
2024-08-25T00:00:00.000Z,BTCUSDT,64130.3,64992.6,63750,64180.9,51677.069
2024-08-26T00:00:00.000Z,BTCUSDT,64180.9,64447.6,62777,62812,97247.397
2024-08-27T00:00:00.000Z,BTCUSDT,62812,63203.2,57869.5,59366.7,182835.455
2024-08-28T00:00:00.000Z,BTCUSDT,59366.7,60244.9,57800,59013.1,169427.518
2024-08-29T00:00:00.000Z,BTCUSDT,59013.1,61148.7,58618.2,59315.8,126521.607
2024-08-30T00:00:00.000Z,BTCUSDT,59315.8,59922,57665.7,59100.9,133153.001
2024-08-31T00:00:00.000Z,BTCUSDT,59100.9,59437.7,58705.9,58944.4,33660.194
2024-09-01T00:00:00.000Z,BTCUSDT,58944.4,59053.1,56913.4,57266.1,111534.306
2024-09-02T00:00:00.000Z,BTCUSDT,57266.1,59423.1,57072.2,59116.7,100806.177
2024-09-03T00:00:00.000Z,BTCUSDT,59116.7,59805,57356.7,57450.2,107037.806
2024-09-04T00:00:00.000Z,BTCUSDT,57450.2,58499.8,55501,57937.8,160129.965
2024-09-05T00:00:00.000Z,BTCUSDT,57937.8,58300,55509.8,56150.5,149545.456
2024-09-06T00:00:00.000Z,BTCUSDT,56150.5,56997.6,52500.2,53934,257720.54
2024-09-07T00:00:00.000Z,BTCUSDT,53934,54827.5,53733,54139.5,63626.741
2024-09-08T00:00:00.000Z,BTCUSDT,54139.5,55300,53607.5,54850,80683.769
2024-09-09T00:00:00.000Z,BTCUSDT,54850,58150.2,54560.3,57014.5,151982.606
2024-09-10T00:00:00.000Z,BTCUSDT,57014.5,58039.7,56350,57620.3,118463.481
2024-09-11T00:00:00.000Z,BTCUSDT,57620.3,57977.4,55530.1,57310.4,186525.083
2024-09-12T00:00:00.000Z,BTCUSDT,57310.4,58580.9,57298.5,58104.8,130449.328
2024-09-13T00:00:00.000Z,BTCUSDT,58104.8,60624.2,57579,60466.3,130451.728
2024-09-14T00:00:00.000Z,BTCUSDT,60466.3,60584.2,59357.7,59968,51140.924
2024-09-15T00:00:00.000Z,BTCUSDT,59968,60392.8,58652.1,59101.2,62762.687
2024-09-16T00:00:00.000Z,BTCUSDT,59101.2,59182,57450,58185,123938.27
2024-09-17T00:00:00.000Z,BTCUSDT,58185,61330,57568,60275.1,163500.533
2024-09-18T00:00:00.000Z,BTCUSDT,60275.1,61776.9,59126.2,61743.7,171635.552
2024-09-19T00:00:00.000Z,BTCUSDT,61743.7,63856,61523.6,62922.8,149879.275
2024-09-20T00:00:00.000Z,BTCUSDT,62922.8,64131.7,62310,63173.8,118924.458
2024-09-21T00:00:00.000Z,BTCUSDT,63173.8,63544,62712.8,63311.5,34502.884
2024-09-22T00:00:00.000Z,BTCUSDT,63311.5,64000,62350,63549.9,72599.548
2024-09-23T00:00:00.000Z,BTCUSDT,63549.9,64774.2,62537.1,63305.9,124612.93
2024-09-24T00:00:00.000Z,BTCUSDT,63305.9,64749.9,62634,64248.6,122117.212
2024-09-25T00:00:00.000Z,BTCUSDT,64248.6,64876.5,62900,63130.1,90978.301
2024-09-26T00:00:00.000Z,BTCUSDT,63130.1,65850,62650,65145.8,149724.313
2024-09-27T00:00:00.000Z,BTCUSDT,65145.8,66520,64789,65746.5,118626.664
2024-09-28T00:00:00.000Z,BTCUSDT,65746.5,66319.9,65310,65823,38744.52
2024-09-29T00:00:00.000Z,BTCUSDT,65823,66174.5,65370.5,65571.7,37181.036
2024-09-30T00:00:00.000Z,BTCUSDT,65571.7,65604.8,62800,63276.8,156604.911
2024-10-01T00:00:00.000Z,BTCUSDT,63276.8,64096.6,60118.9,60790,252246.193
2024-10-02T00:00:00.000Z,BTCUSDT,60790,62416.3,59952.9,60617.5,174584.656
2024-10-03T00:00:00.000Z,BTCUSDT,60617.5,61460,59840.2,60725.9,157314.692
2024-10-04T00:00:00.000Z,BTCUSDT,60725.9,62469,60414,62063.9,130809.972
2024-10-05T00:00:00.000Z,BTCUSDT,62063.9,62365.9,61650,62035,35944.821
2024-10-06T00:00:00.000Z,BTCUSDT,62035,62973.3,61791.3,62792.9,49637.081
2024-10-07T00:00:00.000Z,BTCUSDT,62792.9,64464,62055,62191.2,155360.143
2024-10-08T00:00:00.000Z,BTCUSDT,62191.2,63189.7,61803.4,62120.7,114862.9
2024-10-09T00:00:00.000Z,BTCUSDT,62120.7,62525,60266,60607.7,115688.383
2024-10-10T00:00:00.000Z,BTCUSDT,60607.7,61288,58900,60295.6,141439.072
2024-10-11T00:00:00.000Z,BTCUSDT,60295.6,63436,60064.4,62499.6,142871.611
2024-10-12T00:00:00.000Z,BTCUSDT,62499.6,63467.4,62457.9,63177.5,57373.073
2024-10-13T00:00:00.000Z,BTCUSDT,63177.5,63269.5,62012.1,62838.7,72175.209
2024-10-14T00:00:00.000Z,BTCUSDT,62838.7,67300,62422.5,66080.1,184083.217
2024-10-15T00:00:00.000Z,BTCUSDT,66080.1,67999,64762.1,67057.4,228992.418
2024-10-16T00:00:00.000Z,BTCUSDT,67057.4,68525,66727,67595.1,145477.707
2024-10-17T00:00:00.000Z,BTCUSDT,67595.1,67921,66650.1,67390.4,108765.354
2024-10-18T00:00:00.000Z,BTCUSDT,67390.4,69049.7,67157,68402.4,130050.806
2024-10-19T00:00:00.000Z,BTCUSDT,68402.4,68685,67980,68369.5,32741.41
2024-10-20T00:00:00.000Z,BTCUSDT,68369.5,69428,68074.9,69034,48441.074
2024-10-21T00:00:00.000Z,BTCUSDT,69034,69555,66853.3,67368.1,125446.974
2024-10-22T00:00:00.000Z,BTCUSDT,67368.1,67847,66560.9,67409.5,113521.198
2024-10-23T00:00:00.000Z,BTCUSDT,67409.5,67477.7,65240.2,66659.1,146198.666
2024-10-24T00:00:00.000Z,BTCUSDT,66659.1,68847.2,66509.3,68171.2,127827.03
2024-10-25T00:00:00.000Z,BTCUSDT,68171.2,68755,65524.5,66666.8,183971.112
2024-10-26T00:00:00.000Z,BTCUSDT,66666.8,67442.7,66408.4,67069.1,44536.687
2024-10-27T00:00:00.000Z,BTCUSDT,67069.1,68311.6,66905.2,68001.1,47106.67
2024-10-28T00:00:00.000Z,BTCUSDT,68001.1,70449.9,67571.4,69947.6,147940.16
2024-10-29T00:00:00.000Z,BTCUSDT,69947.6,73681.8,69735.4,72757.5,205358.993
2024-10-30T00:00:00.000Z,BTCUSDT,72757.5,73044.2,71455.1,72386.3,112823.933
2024-10-31T00:00:00.000Z,BTCUSDT,72386.3,72736.4,69719.3,70332.3,137726.866
2024-11-01T00:00:00.000Z,BTCUSDT,70332.3,71650,68800,69495.5,176731.927
2024-11-02T00:00:00.000Z,BTCUSDT,69495.5,69919,68981.6,69363.6,43547.707
2024-11-03T00:00:00.000Z,BTCUSDT,69363.6,69382.9,67456.1,68743.6,125143.408
2024-11-04T00:00:00.000Z,BTCUSDT,68743.6,69497,66808,67838.7,141457.822
2024-11-05T00:00:00.000Z,BTCUSDT,67838.7,70540,67449.5,69345.7,143225.827
2024-11-06T00:00:00.000Z,BTCUSDT,69345.7,76433.6,69256.7,75599.9,356534.174
2024-11-07T00:00:00.000Z,BTCUSDT,75599.9,76890,74476.3,75874.8,136507.619
2024-11-08T00:00:00.000Z,BTCUSDT,75874.8,77220.3,75610,76514.2,103535.011
2024-11-09T00:00:00.000Z,BTCUSDT,76514.2,76950,75703.7,76701.7,50536.747
2024-11-10T00:00:00.000Z,BTCUSDT,76701.7,81700,76508.2,80428.5,203917.167
2024-11-11T00:00:00.000Z,BTCUSDT,80428.5,89828,80267.8,88765.4,301879.551
2024-11-12T00:00:00.000Z,BTCUSDT,88765.4,90077,85150,87968,314735.206
2024-11-13T00:00:00.000Z,BTCUSDT,87968,93400,86113.6,90411.2,281262.229
2024-11-14T00:00:00.000Z,BTCUSDT,90411.2,91889.7,86661,87367.3,195188.885
2024-11-15T00:00:00.000Z,BTCUSDT,87367.3,91948,87083.7,91125.2,157844.593
2024-11-16T00:00:00.000Z,BTCUSDT,91125.2,91856.3,90125,90625.4,60731.141
2024-11-17T00:00:00.000Z,BTCUSDT,90625.4,91601.8,88735.7,89900,83270.967
2024-11-18T00:00:00.000Z,BTCUSDT,89900,92757.6,89424,90535,172501.98
2024-11-19T00:00:00.000Z,BTCUSDT,90535,93980,90435.9,92341.4,159235.317
2024-11-20T00:00:00.000Z,BTCUSDT,92341.4,94898.9,91511,94315.3,131176.46
2024-11-21T00:00:00.000Z,BTCUSDT,94315.3,99111,94032,98382.9,205366.297
2024-11-22T00:00:00.000Z,BTCUSDT,98382.9,99690,97210,98947,133341.135
2024-11-23T00:00:00.000Z,BTCUSDT,98947,98970.9,97185.9,97740.2,58002.672
2024-11-24T00:00:00.000Z,BTCUSDT,97740.2,98653.3,95800.3,98027.7,90176.101
2024-11-25T00:00:00.000Z,BTCUSDT,98027.7,98979.9,92620,93004.1,177667.896
2024-11-26T00:00:00.000Z,BTCUSDT,93004.1,95063.1,90835.5,92025.6,173714.939
2024-11-27T00:00:00.000Z,BTCUSDT,92025.6,97276,91857.6,95908.7,118451.681
2024-11-28T00:00:00.000Z,BTCUSDT,95908.7,96648,94707,95702.8,82468.408
2024-11-29T00:00:00.000Z,BTCUSDT,95702.8,98735.3,95420.3,97526.7,92546.65
2024-11-30T00:00:00.000Z,BTCUSDT,97526.7,97539.8,96151,96484,42120.126
2024-12-01T00:00:00.000Z,BTCUSDT,96484,97929.4,95750,97265.4,57117.524
2024-12-02T00:00:00.000Z,BTCUSDT,97265.4,98270.7,94455,95886.6,135368.369
2024-12-03T00:00:00.000Z,BTCUSDT,95886.6,96389,93605.4,95919.6,106345.342
2024-12-04T00:00:00.000Z,BTCUSDT,95919.6,99117.6,94638,98671.8,131059.585
2024-12-05T00:00:00.000Z,BTCUSDT,98671.8,104698.8,90530,96977.9,282711.659
2024-12-06T00:00:00.000Z,BTCUSDT,96977.9,101998.7,96319.6,99789.9,135216.668
2024-12-07T00:00:00.000Z,BTCUSDT,99789.9,100540.2,98883.4,99913,47506.658
2024-12-08T00:00:00.000Z,BTCUSDT,99913,101464.8,98729.1,101186.8,53786.479
2024-12-09T00:00:00.000Z,BTCUSDT,101186.8,101296.1,93888,97329,175409.992
2024-12-10T00:00:00.000Z,BTCUSDT,97329,98299,94190.8,96552.8,153439.146
2024-12-11T00:00:00.000Z,BTCUSDT,96552.8,101961,95574.3,101128.3,122591.044
2024-12-12T00:00:00.000Z,BTCUSDT,101128.3,102636.2,99300,99982.5,117317.241
2024-12-13T00:00:00.000Z,BTCUSDT,99982.5,101935.7,99168,101415.8,80764.043
2024-12-14T00:00:00.000Z,BTCUSDT,101415.8,102748,100577.1,101419.9,51260.197
2024-12-15T00:00:00.000Z,BTCUSDT,101419.9,105338.2,101243.4,104515.6,77174.467
2024-12-16T00:00:00.000Z,BTCUSDT,104515.6,107850,103304.3,106094.2,136569.347
2024-12-17T00:00:00.000Z,BTCUSDT,106094.2,108421.6,105300,106084.6,100762.057
2024-12-18T00:00:00.000Z,BTCUSDT,106084.6,106470.3,99800,100148.6,183873.186
2024-12-19T00:00:00.000Z,BTCUSDT,100148.6,102742.4,95640.5,97399.4,202086.54
2024-12-20T00:00:00.000Z,BTCUSDT,97399.4,98221.5,92230,97757.3,191089.684
2024-12-21T00:00:00.000Z,BTCUSDT,97757.3,99482.8,96326.7,97249.7,69652.31
2024-12-22T00:00:00.000Z,BTCUSDT,97249.7,97431.6,94200,95144.7,76364.427
2024-12-23T00:00:00.000Z,BTCUSDT,95144.7,96500,92465.8,94837,125462.025
2024-12-24T00:00:00.000Z,BTCUSDT,94837,99435.7,93508.6,98628.3,105970.467
2024-12-25T00:00:00.000Z,BTCUSDT,98628.3,99590,97562.6,99405.2,67405.221
2024-12-26T00:00:00.000Z,BTCUSDT,99405.2,99950,95137.5,95743.2,100668.442
2024-12-27T00:00:00.000Z,BTCUSDT,95743.2,97500,93380.1,94251,103774.46
2024-12-28T00:00:00.000Z,BTCUSDT,94251,95699.9,94070.2,95255.8,36894.789
2024-12-29T00:00:00.000Z,BTCUSDT,95255.8,95300,92926.7,93699,50241.219
2024-12-30T00:00:00.000Z,BTCUSDT,93699,95000,91463.7,92739.3,128458.068
2024-12-31T00:00:00.000Z,BTCUSDT,92739.3,96322.1,91981.4,93530,98560.554
2025-01-01T00:00:00.000Z,BTCUSDT,93530,95158.4,92840,94564.6,46830.37
2025-01-02T00:00:00.000Z,BTCUSDT,94564.6,97844.8,94339.9,96960.5,96026.934
2025-01-03T00:00:00.000Z,BTCUSDT,96960.5,98950,96062.1,98140,60348.86
2025-01-04T00:00:00.000Z,BTCUSDT,98140,98759.6,97442.8,98177.2,31031.277
2025-01-05T00:00:00.000Z,BTCUSDT,98177.2,98828.5,97216,98340.5,39445.131
2025-01-06T00:00:00.000Z,BTCUSDT,98340.5,102471.7,97861,102185.9,107235.688
2025-01-07T00:00:00.000Z,BTCUSDT,102185.9,102702.1,96113.4,96908.1,140660.826
2025-01-08T00:00:00.000Z,BTCUSDT,96908.1,97224.3,92378.5,95022.2,156335.096
2025-01-09T00:00:00.000Z,BTCUSDT,95022.2,95356.6,91151,92507.7,136709.766
2025-01-10T00:00:00.000Z,BTCUSDT,92507.7,95873.6,92161.2,94684.2,140049.765
2025-01-11T00:00:00.000Z,BTCUSDT,94684.2,94991.9,93800,94569.4,32812.684
2025-01-12T00:00:00.000Z,BTCUSDT,94569.4,95439.9,93660,94510,37815.707
2025-01-13T00:00:00.000Z,BTCUSDT,94510,95954.8,89100,94508.2,192294.806
2025-01-14T00:00:00.000Z,BTCUSDT,94508.2,97395.5,94330.3,96523.3,106961.086
2025-01-15T00:00:00.000Z,BTCUSDT,96523.3,100700,96450,100465,105233.273
2025-01-16T00:00:00.000Z,BTCUSDT,100465,100866.1,97291,99945.8,98538.546
2025-01-17T00:00:00.000Z,BTCUSDT,99945.8,105815.8,99906.1,104048.8,118129.351
2025-01-18T00:00:00.000Z,BTCUSDT,104048.8,104963,102244,104520,73020.641
2025-01-19T00:00:00.000Z,BTCUSDT,104520,106476.5,99600,101310.7,123413.669
2025-01-20T00:00:00.000Z,BTCUSDT,101310.7,109951.7,99500.1,102258.7,307591.535
2025-01-21T00:00:00.000Z,BTCUSDT,102258.7,107265.6,100000,106133.3,152667.181
2025-01-22T00:00:00.000Z,BTCUSDT,106133.3,106387.4,103310,103670.4,82770.668
2025-01-23T00:00:00.000Z,BTCUSDT,103670.4,106875,101205.1,103862.4,243671.499
2025-01-24T00:00:00.000Z,BTCUSDT,103862.4,107118.6,102691.8,104800.1,83022.41
2025-01-25T00:00:00.000Z,BTCUSDT,104800.1,105276.1,104036.9,104709.4,28536.813
2025-01-26T00:00:00.000Z,BTCUSDT,104709.4,105591.5,102457.1,102553.7,33430.622
2025-01-27T00:00:00.000Z,BTCUSDT,102553.7,103217.8,97694.2,102024.2,160065.059
2025-01-28T00:00:00.000Z,BTCUSDT,102024.2,103800,100205.7,101278,92463.628
2025-01-29T00:00:00.000Z,BTCUSDT,101278,104777,101265.3,103700,91299.151
2025-01-30T00:00:00.000Z,BTCUSDT,103700,106421.1,103235,104684.6,71246.02
2025-01-31T00:00:00.000Z,BTCUSDT,104684.6,105998,101468.4,102377.6,88259.827
2025-02-01T00:00:00.000Z,BTCUSDT,102377.6,102735,100215.1,100576.5,47878.238
2025-02-02T00:00:00.000Z,BTCUSDT,100576.5,101410,95994.3,97645.7,121210.649
2025-02-03T00:00:00.000Z,BTCUSDT,97645.7,102457.8,91166.6,101294.8,255729.189
2025-02-04T00:00:00.000Z,BTCUSDT,101294.8,101684.7,96086.1,97706,144369.546
2025-02-05T00:00:00.000Z,BTCUSDT,97706,99170,96100.1,96568.5,82115.12
2025-02-06T00:00:00.000Z,BTCUSDT,96568.5,99099,95631.8,96500,81570.635
2025-02-07T00:00:00.000Z,BTCUSDT,96500,100120,95556.5,96440.6,121241.547
2025-02-08T00:00:00.000Z,BTCUSDT,96440.6,96840,95635.8,96406.8,28686.285
2025-02-09T00:00:00.000Z,BTCUSDT,96406.8,97275,94651.2,96428.6,50471.31
2025-02-10T00:00:00.000Z,BTCUSDT,96428.6,98343.4,95202.8,97384.2,69170.157
2025-02-11T00:00:00.000Z,BTCUSDT,97384.2,98459,94821.9,95748.6,80457.239
2025-02-12T00:00:00.000Z,BTCUSDT,95748.6,98089.1,94001.2,97828.1,111587.153
2025-02-13T00:00:00.000Z,BTCUSDT,97828.1,98047,95156.1,96570.7,80790.588
2025-02-14T00:00:00.000Z,BTCUSDT,96570.7,98821,96200,97450.1,76881.887
2025-02-15T00:00:00.000Z,BTCUSDT,97450.1,97933,97175.8,97533.9,26626.525
2025-02-16T00:00:00.000Z,BTCUSDT,97533.9,97678.7,96000,96060.1,32342.895
2025-02-17T00:00:00.000Z,BTCUSDT,96060.1,96988.3,95160,95735,57735.557
2025-02-18T00:00:00.000Z,BTCUSDT,95735,96730.9,93318.1,95618.8,93274.024
2025-02-19T00:00:00.000Z,BTCUSDT,95618.8,96897.1,95008.6,96616.4,64324.738
2025-02-20T00:00:00.000Z,BTCUSDT,96616.4,98680.8,96386.5,98246.7,64910.439
2025-02-21T00:00:00.000Z,BTCUSDT,98246.7,99454.2,94832.2,96198.4,112570.181
2025-02-22T00:00:00.000Z,BTCUSDT,96198.4,97056,95814.8,96554.4,23662.335
2025-02-23T00:00:00.000Z,BTCUSDT,96554.4,96637,95254,96262.6,25444.11
2025-02-24T00:00:00.000Z,BTCUSDT,96262.6,96536.3,91258.7,91478.2,89033.48
2025-02-25T00:00:00.000Z,BTCUSDT,91478.2,92520.9,86055.5,88665.3,189365.27
2025-02-26T00:00:00.000Z,BTCUSDT,88665.3,89389.9,82055.6,84208.6,195900.683
2025-02-27T00:00:00.000Z,BTCUSDT,84208.6,87043.6,82670,84686,126880.481
2025-02-28T00:00:00.000Z,BTCUSDT,84686,85124.4,78210.5,84307.6,239355.37
2025-03-01T00:00:00.000Z,BTCUSDT,84307.6,86533.3,83760.9,86024.4,66059.7
2025-03-02T00:00:00.000Z,BTCUSDT,86024.4,95058.7,85007.7,94259.7,162682.619
2025-03-03T00:00:00.000Z,BTCUSDT,94259.7,94414.2,85023.4,86165.3,201810.407
2025-03-04T00:00:00.000Z,BTCUSDT,86165.3,88946,81413.7,87260.1,209395.733
2025-03-05T00:00:00.000Z,BTCUSDT,87260.1,90975,86350.8,90567.8,119599.5
2025-03-06T00:00:00.000Z,BTCUSDT,90567.8,92781.6,87800.1,89899.6,129667.137
2025-03-07T00:00:00.000Z,BTCUSDT,89899.6,91279.5,84594.7,86758.5,232396.768
2025-03-08T00:00:00.000Z,BTCUSDT,86758.5,86886.3,85185.9,86187.2,41751.928
2025-03-09T00:00:00.000Z,BTCUSDT,86187.2,86485,79913.4,80692.3,111452.862
2025-03-10T00:00:00.000Z,BTCUSDT,80692.3,84050,77403.1,78563.2,201636.174
2025-03-11T00:00:00.000Z,BTCUSDT,78563.2,83622.9,76545,82889.2,181108.547
2025-03-12T00:00:00.000Z,BTCUSDT,82889.2,84489.8,80534.6,83649.9,146745.492
2025-03-13T00:00:00.000Z,BTCUSDT,83649.9,84343.2,79888,81072.3,110846.373
2025-03-14T00:00:00.000Z,BTCUSDT,81072.3,85299.9,80766.6,83948.3,102811.84
2025-03-15T00:00:00.000Z,BTCUSDT,83948.3,84661.8,83591.8,84308.4,31601.013
2025-03-16T00:00:00.000Z,BTCUSDT,84308.4,85136,81934.4,82528.5,85945.914
2025-03-17T00:00:00.000Z,BTCUSDT,82528.5,84728.5,82400.7,83955.1,85305.153
2025-03-18T00:00:00.000Z,BTCUSDT,83955.1,83975.1,81093.6,82675.7,82150.3
2025-03-19T00:00:00.000Z,BTCUSDT,82675.7,86970,82475.5,86792.3,112044.904
2025-03-20T00:00:00.000Z,BTCUSDT,86792.3,87400,83605.8,84168.9,109032.046
2025-03-21T00:00:00.000Z,BTCUSDT,84168.9,84800,83136.3,84054.6,70320.233
2025-03-22T00:00:00.000Z,BTCUSDT,84054.6,84500,83616,83805.9,20904.393
2025-03-23T00:00:00.000Z,BTCUSDT,83805.9,86088,83753.2,86037.8,42927.46
2025-03-24T00:00:00.000Z,BTCUSDT,86037.8,88740,85488.4,87459.9,109599.07
2025-03-25T00:00:00.000Z,BTCUSDT,87459.9,88500,86261,87362.4,87141.336
2025-03-26T00:00:00.000Z,BTCUSDT,87362.4,88284,85800.1,86860.8,87396.784
2025-03-27T00:00:00.000Z,BTCUSDT,86860.8,87727.9,85695.4,87181.7,82696.83
2025-03-28T00:00:00.000Z,BTCUSDT,87181.7,87479.4,83545,84375,109805.483
2025-03-29T00:00:00.000Z,BTCUSDT,84375,84573.8,81602.9,82603.9,69080.844
2025-03-30T00:00:00.000Z,BTCUSDT,82603.9,83496.8,81510,82347.9,56401.758
2025-03-31T00:00:00.000Z,BTCUSDT,82347.9,83895.7,81212.3,82504.4,110684.793
2025-04-01T00:00:00.000Z,BTCUSDT,82504.4,85555,82375.6,85130.5,104582.987
2025-04-02T00:00:00.000Z,BTCUSDT,85130.5,88560.1,82281.9,82468.1,182871.38
2025-04-03T00:00:00.000Z,BTCUSDT,82468.1,83888,81146,83175.2,112771.731
2025-04-04T00:00:00.000Z,BTCUSDT,83175.2,84736,81605,83862.1,177059.417
2025-04-05T00:00:00.000Z,BTCUSDT,83862.1,84244,82343,83496.7,45495.798
2025-04-06T00:00:00.000Z,BTCUSDT,83496.7,83774.3,77083.5,78376.1,136446.269
2025-04-07T00:00:00.000Z,BTCUSDT,78376.1,81216.8,74456.2,79144.1,292737.153
2025-04-08T00:00:00.000Z,BTCUSDT,79144.1,80833.6,76200.9,76286.9,145001.902
2025-04-09T00:00:00.000Z,BTCUSDT,76286.9,83560,74565.9,82593.9,270111.176
2025-04-10T00:00:00.000Z,BTCUSDT,82593.9,82719.2,78422,79557.5,139324.086
2025-04-11T00:00:00.000Z,BTCUSDT,79557.5,84288,78928.2,83382.8,134077.874
2025-04-12T00:00:00.000Z,BTCUSDT,83382.8,85888,82753.3,85238.4,71841.926
2025-04-13T00:00:00.000Z,BTCUSDT,85238.4,86099,82953.1,83716.8,89899.368
2025-04-14T00:00:00.000Z,BTCUSDT,83716.8,85771.1,83637.5,84547.4,99376.677
2025-04-15T00:00:00.000Z,BTCUSDT,84547.4,86444,83518.5,83603.7,98576.772
2025-04-16T00:00:00.000Z,BTCUSDT,83603.7,85522.7,83055,83986,99113.798
2025-04-17T00:00:00.000Z,BTCUSDT,83986,85455.8,83677.4,84906.5,68592.203
2025-04-18T00:00:00.000Z,BTCUSDT,84906.5,85104.7,84250,84419.6,26057.113
2025-04-19T00:00:00.000Z,BTCUSDT,84419.6,85644.6,84324.1,85048.5,36278.131
2025-04-20T00:00:00.000Z,BTCUSDT,85048.5,85290,83882.7,85145.5,40286.034
2025-04-21T00:00:00.000Z,BTCUSDT,85145.5,88442.9,85106.1,87471.1,129404.128
2025-04-22T00:00:00.000Z,BTCUSDT,87471.1,94000,87013.6,93400,153373.788
2025-04-23T00:00:00.000Z,BTCUSDT,93400,94722.9,91911.8,93635.2,113972.919
2025-04-24T00:00:00.000Z,BTCUSDT,93635.2,93985.8,91631.5,93945.5,78591.272
2025-04-25T00:00:00.000Z,BTCUSDT,93945.5,95724.5,92775.6,94596.2,96457.158
2025-04-26T00:00:00.000Z,BTCUSDT,94596.2,95150,93839.8,94578.3,31062.83
2025-04-27T00:00:00.000Z,BTCUSDT,94578.3,95279.4,93538.4,93700,40006.779
2025-04-28T00:00:00.000Z,BTCUSDT,93700,95564.8,92750,94969.7,97921.402
2025-04-29T00:00:00.000Z,BTCUSDT,94969.7,95444.3,93682,94200,82182.126
2025-04-30T00:00:00.000Z,BTCUSDT,94200,95187.5,92852.4,94118,81712.744
2025-05-01T00:00:00.000Z,BTCUSDT,94118,97383.1,94070.7,96430.9,97422.49
2025-05-02T00:00:00.000Z,BTCUSDT,96430.9,97868,96306.9,96833.5,74214.127
2025-05-03T00:00:00.000Z,BTCUSDT,96833.5,96865,95700.1,95815.5,34455.872
2025-05-04T00:00:00.000Z,BTCUSDT,95815.5,96257,94100,94224.1,45488.863
2025-05-05T00:00:00.000Z,BTCUSDT,94224.1,95149,93460.2,94698.7,82848.039
2025-05-06T00:00:00.000Z,BTCUSDT,94698.7,96880.6,93333.5,96799,82877.396
2025-05-07T00:00:00.000Z,BTCUSDT,96799,97700,95724.2,96988.1,93114.149
2025-05-08T00:00:00.000Z,BTCUSDT,96988.1,104253.8,96832.1,103240,152859.152
2025-05-09T00:00:00.000Z,BTCUSDT,103240,104330.1,102264.1,102931.2,87154.724
2025-05-10T00:00:00.000Z,BTCUSDT,102931.2,104986.7,102772,104782.3,47626.468
2025-05-11T00:00:00.000Z,BTCUSDT,104782.3,104936.7,103250,104080,63469.076
2025-05-12T00:00:00.000Z,BTCUSDT,104080,105842.1,100688,102746,124705.011
2025-05-13T00:00:00.000Z,BTCUSDT,102746,104949.9,101380,104070.6,83517.788
2025-05-14T00:00:00.000Z,BTCUSDT,104070.6,104325.6,102550,103445,66471.825
2025-05-15T00:00:00.000Z,BTCUSDT,103445,104203.9,101333,103710,99517.711
2025-05-16T00:00:00.000Z,BTCUSDT,103710,104555,103042.2,103410.2,59383.409
2025-05-17T00:00:00.000Z,BTCUSDT,103410.2,103669.4,102539.7,103081.2,36507.919
2025-05-18T00:00:00.000Z,BTCUSDT,103081.2,106650,103050,106428.1,95737.177
2025-05-19T00:00:00.000Z,BTCUSDT,106428.1,107134.3,102000,105538,131323.009
2025-05-20T00:00:00.000Z,BTCUSDT,105538,107292.4,104125.4,106808.2,123586.87
2025-05-21T00:00:00.000Z,BTCUSDT,106808.2,110800,106001.8,109608.7,221771.177
2025-05-22T00:00:00.000Z,BTCUSDT,109608.7,111968,109150,111646.5,128882.059
2025-05-23T00:00:00.000Z,BTCUSDT,111646.5,111758.4,106755,107275.9,148189.685
2025-05-24T00:00:00.000Z,BTCUSDT,107275.9,109454.5,106832.3,107716,63242.395
2025-05-25T00:00:00.000Z,BTCUSDT,107716,109300,106538.4,108976.2,73175.919
2025-05-26T00:00:00.000Z,BTCUSDT,108976.2,110452.2,108640.7,109382.3,79437.632
2025-05-27T00:00:00.000Z,BTCUSDT,109382.3,110700,107421.7,108864,124854.197
2025-05-28T00:00:00.000Z,BTCUSDT,108864,109217.8,106718,107738.9,74593.391
2025-05-29T00:00:00.000Z,BTCUSDT,107738.9,108850,105250,105550,109918.17
2025-05-30T00:00:00.000Z,BTCUSDT,105550,106278.3,103569,103976.6,118183.427
2025-05-31T00:00:00.000Z,BTCUSDT,103976.6,104898.5,103036.8,104566.1,51672.885
2025-06-01T00:00:00.000Z,BTCUSDT,104566.1,105843.6,103696.7,105614.4,44070.285
2025-06-02T00:00:00.000Z,BTCUSDT,105614.4,105919.7,103606.4,105827.2,79887.576
2025-06-03T00:00:00.000Z,BTCUSDT,105827.2,106773.7,104813.9,105324.7,81511.688
2025-06-04T00:00:00.000Z,BTCUSDT,105324.7,105952.9,104135.3,104630,69118.278
2025-06-05T00:00:00.000Z,BTCUSDT,104630,105866.7,100350,101455.2,145057.893
2025-06-06T00:00:00.000Z,BTCUSDT,101455.2,105320.4,101046,104227.5,89854.657
2025-06-07T00:00:00.000Z,BTCUSDT,104227.5,105865.9,103811,105499.9,46624.784
2025-06-08T00:00:00.000Z,BTCUSDT,105499.9,106441.8,104924.7,105670.8,35392.623
2025-06-09T00:00:00.000Z,BTCUSDT,105670.8,110660.8,105252.6,110219.9,104403.417
2025-06-10T00:00:00.000Z,BTCUSDT,110219.9,110351,108279.2,110227.5,73253.028
2025-06-11T00:00:00.000Z,BTCUSDT,110227.5,110375.5,108006.6,108611.1,74641.255
2025-06-12T00:00:00.000Z,BTCUSDT,108611.1,108782.5,105579.8,105600.9,95883.564
2025-06-13T00:00:00.000Z,BTCUSDT,105600.9,106140,102626.9,106023.1,132649.754
2025-06-14T00:00:00.000Z,BTCUSDT,106023.1,106168.8,104250,105356.7,41393.56
2025-06-15T00:00:00.000Z,BTCUSDT,105356.7,106080,104433,105547.8,39425.368
2025-06-16T00:00:00.000Z,BTCUSDT,105547.8,108955.5,104921.2,106749.3,93111.651
2025-06-17T00:00:00.000Z,BTCUSDT,106749.3,107724.9,103303.4,104512.7,119378.022
2025-06-18T00:00:00.000Z,BTCUSDT,104512.7,105500,103422.3,104847.3,84981.906
2025-06-19T00:00:00.000Z,BTCUSDT,104847.3,105191.9,103864,104604.2,44669.24
2025-06-20T00:00:00.000Z,BTCUSDT,104604.2,106499.9,102260,103243.9,99708.258
2025-06-21T00:00:00.000Z,BTCUSDT,103243.9,103949.9,100800,102083.9,63941.583
2025-06-22T00:00:00.000Z,BTCUSDT,102083.9,103347,98125,100904.3,163064.954
2025-06-23T00:00:00.000Z,BTCUSDT,100904.3,106024.8,99581,105283.5,159898.312
2025-06-24T00:00:00.000Z,BTCUSDT,105283.5,106269.9,104567,106048.5,73028.424
2025-06-25T00:00:00.000Z,BTCUSDT,106048.5,108090,105750,107264,80775.072
2025-06-26T00:00:00.000Z,BTCUSDT,107264,108239.6,106457.7,106905.3,60839.642
2025-06-27T00:00:00.000Z,BTCUSDT,106905.3,107738.1,106280,106999.6,61754.119
2025-06-28T00:00:00.000Z,BTCUSDT,106999.6,107499.9,106761,107241,16398.134
2025-06-29T00:00:00.000Z,BTCUSDT,107241,108507,107113.8,108314.8,42872.787
2025-06-30T00:00:00.000Z,BTCUSDT,108314.8,108766.4,106677,107081.2,62330.173
2025-07-01T00:00:00.000Z,BTCUSDT,107081.2,107484.8,105180.3,105634.8,69734.196
2025-07-02T00:00:00.000Z,BTCUSDT,105634.8,109740.9,105058.6,108803,93107.743
2025-07-03T00:00:00.000Z,BTCUSDT,108803,110485.7,108455.1,109540,76294.252
2025-07-04T00:00:00.000Z,BTCUSDT,109540,109725.3,107220.3,107947.4,63635.972
2025-07-05T00:00:00.000Z,BTCUSDT,107947.4,108429.2,107685.9,108144.4,17786.216
2025-07-06T00:00:00.000Z,BTCUSDT,108144.4,109685,107762.6,109160.5,39472.291
2025-07-07T00:00:00.000Z,BTCUSDT,109160.5,109681.4,107449.6,108200,54985.477
2025-07-08T00:00:00.000Z,BTCUSDT,108200,109188,107369.7,108881.9,58542.806
2025-07-09T00:00:00.000Z,BTCUSDT,108881.9,111999,108263.4,111209.7,82700.733
2025-07-10T00:00:00.000Z,BTCUSDT,111209.7,117896.7,110450.9,115990.1,110167.059
2025-07-11T00:00:00.000Z,BTCUSDT,115990.1,118849.9,115200,117508.8,92888.869
2025-07-12T00:00:00.000Z,BTCUSDT,117508.8,118195.1,116868.1,117369.9,35256.029
2025-07-13T00:00:00.000Z,BTCUSDT,117369.9,119474.9,117173.3,119050.2,47572.067
2025-07-14T00:00:00.000Z,BTCUSDT,119050.2,123250,118859.2,119841.6,118965.787
2025-07-15T00:00:00.000Z,BTCUSDT,119841.6,119946.6,115750,117745.7,144316.061
2025-07-16T00:00:00.000Z,BTCUSDT,117745.7,120114.6,117031,118626.3,86278.939
2025-07-17T00:00:00.000Z,BTCUSDT,118626.3,121044,117449.9,119218.7,94471.66
2025-07-18T00:00:00.000Z,BTCUSDT,119218.7,120896.9,116822.1,117930.1,90803.176
2025-07-19T00:00:00.000Z,BTCUSDT,117930.1,118523.7,117237.7,117842.1,30379.068
2025-07-20T00:00:00.000Z,BTCUSDT,117842.1,118931,116455.6,117290.4,46146.275
2025-07-21T00:00:00.000Z,BTCUSDT,117290.4,119750,116550,117393,80482.629
2025-07-22T00:00:00.000Z,BTCUSDT,117393,120321,116123,120043.6,89928.602
2025-07-23T00:00:00.000Z,BTCUSDT,120043.6,120194.7,117300,118743.4,74281.008
2025-07-24T00:00:00.000Z,BTCUSDT,118743.4,119492.9,117050.1,118328,68946.07
2025-07-25T00:00:00.000Z,BTCUSDT,118328,118440.3,114710,117616.3,121212.765
2025-07-26T00:00:00.000Z,BTCUSDT,117616.3,118333.4,117150,117898.8,26231.01
2025-07-27T00:00:00.000Z,BTCUSDT,117898.8,119784,117807.6,119429.9,35559.539
2025-07-28T00:00:00.000Z,BTCUSDT,119429.9,119844.9,117401.5,118068.9,55237.02
2025-07-29T00:00:00.000Z,BTCUSDT,118068.9,119300,116912.6,117923.3,61582.533
2025-07-30T00:00:00.000Z,BTCUSDT,117923.3,118769,115738.1,117781.6,68324.83
2025-07-31T00:00:00.000Z,BTCUSDT,117781.6,118900,115368.6,115680.1,71369.061
2025-08-01T00:00:00.000Z,BTCUSDT,115680.1,115999.9,112692.8,113248.9,122881.108
2025-08-02T00:00:00.000Z,BTCUSDT,113248.9,114011.4,111950,112518,53096.153
2025-08-03T00:00:00.000Z,BTCUSDT,112518,114792.7,111870,114147.1,36201.245
2025-08-04T00:00:00.000Z,BTCUSDT,114147.1,115682.8,114061.7,115006,55001.687
2025-08-05T00:00:00.000Z,BTCUSDT,115006,115084.2,112577.7,114079.6,66934.383
2025-08-06T00:00:00.000Z,BTCUSDT,114079.6,115666.3,113300.2,114943,51553.133
2025-08-07T00:00:00.000Z,BTCUSDT,114943,117560,114218,117399.9,69455.06
2025-08-08T00:00:00.000Z,BTCUSDT,117399.9,117569.1,115854.2,116625.1,44173.42
2025-08-09T00:00:00.000Z,BTCUSDT,116625.1,117900,116288.2,116406.2,40916.287
2025-08-10T00:00:00.000Z,BTCUSDT,116406.2,119433.6,116400,119271.8,68471.849
2025-08-11T00:00:00.000Z,BTCUSDT,119271.8,122421,117855.3,118679.2,122225.839
2025-08-12T00:00:00.000Z,BTCUSDT,118679.2,120280,118150,120090.5,79229.258
2025-08-13T00:00:00.000Z,BTCUSDT,120090.5,123742.2,118900.5,123348,113952.074
2025-08-14T00:00:00.000Z,BTCUSDT,123348,124571.2,117117,118250.1,143284.437
2025-08-15T00:00:00.000Z,BTCUSDT,118250.1,119208,116719.3,117280.8,65940.355
2025-08-16T00:00:00.000Z,BTCUSDT,117280.8,117857.2,117069.7,117327.7,20031.882
2025-08-17T00:00:00.000Z,BTCUSDT,117327.7,118585.7,117101,117355.6,26594.528
2025-08-18T00:00:00.000Z,BTCUSDT,117355.6,117509.6,114577.7,116168,75509.463
2025-08-19T00:00:00.000Z,BTCUSDT,116168,116681.9,112673,112825.7,78511.182
2025-08-20T00:00:00.000Z,BTCUSDT,112825.7,114567,112286.8,114217.4,65974.754
2025-08-21T00:00:00.000Z,BTCUSDT,114217.4,114783.7,111945.2,112462.7,56416.961
2025-08-22T00:00:00.000Z,BTCUSDT,112462.7,117374.5,111618.8,116899.8,110849.704
2025-08-23T00:00:00.000Z,BTCUSDT,116899.8,116998,114504.7,115404.8,40974.686
2025-08-24T00:00:00.000Z,BTCUSDT,115404.8,115656.7,110551,113474.8,77200.189
2025-08-25T00:00:00.000Z,BTCUSDT,113474.8,113649.9,109222.6,110069.7,115780.293
2025-08-26T00:00:00.000Z,BTCUSDT,110069.7,112342.4,108669,111723.1,77734.568
2025-08-27T00:00:00.000Z,BTCUSDT,111723.1,112589.9,110312.1,111184.3,63118.555
2025-08-28T00:00:00.000Z,BTCUSDT,111184.3,113433,110781.5,112511.4,53956.782
2025-08-29T00:00:00.000Z,BTCUSDT,112511.4,112616.4,107432.6,108355.3,95552.618
2025-08-30T00:00:00.000Z,BTCUSDT,108355.3,108902.3,107300,108780.7,29253.799
2025-08-31T00:00:00.000Z,BTCUSDT,108780.7,109444,108008.4,108200,36717.604
2025-09-01T00:00:00.000Z,BTCUSDT,108200,109872.8,107202,109191.8,80073.654
2025-09-02T00:00:00.000Z,BTCUSDT,109191.8,111730,108320.7,111217.7,88135.331
2025-09-03T00:00:00.000Z,BTCUSDT,111217.7,112557,110476.8,111661.8,56594.776
2025-09-04T00:00:00.000Z,BTCUSDT,111661.8,112138.3,109276.7,110685.5,69781.744
2025-09-05T00:00:00.000Z,BTCUSDT,110685.5,113369.4,110155,110623.1,113076.839
2025-09-06T00:00:00.000Z,BTCUSDT,110623.1,111258,109888,110131.5,22349.372
2025-09-07T00:00:00.000Z,BTCUSDT,110131.5,111558,110119.4,111086.7,26731.491
2025-09-08T00:00:00.000Z,BTCUSDT,111086.7,112871.4,110555.3,112011.3,56300.974
2025-09-09T00:00:00.000Z,BTCUSDT,112011.3,113238.1,110706.4,111500,75941.704
2025-09-10T00:00:00.000Z,BTCUSDT,111500,114250,110865,113890,80341.441
2025-09-11T00:00:00.000Z,BTCUSDT,113890,115446.1,113242,115440.1,73519.99
2025-09-12T00:00:00.000Z,BTCUSDT,115440.1,116600,114700.8,115972,67336.242
2025-09-13T00:00:00.000Z,BTCUSDT,115972,116222,114978.2,115849.6,35073.515
2025-09-14T00:00:00.000Z,BTCUSDT,115849.6,116117.8,115060.1,115214.4,34689.23
2025-09-15T00:00:00.000Z,BTCUSDT,115214.4,116761.3,114316.3,115315.6,71614.932
2025-09-16T00:00:00.000Z,BTCUSDT,115315.6,116947.3,114688,116748.9,58734.634
2025-09-17T00:00:00.000Z,BTCUSDT,116748.9,117239.5,114710,116400.2,90856.98
2025-09-18T00:00:00.000Z,BTCUSDT,116400.2,117884,115980.1,117023.5,63019.994
2025-09-19T00:00:00.000Z,BTCUSDT,117023.5,117417.6,115035,115572.9,47422.389
2025-09-20T00:00:00.000Z,BTCUSDT,115572.9,116093.6,115360,115628.9,16833.046
2025-09-21T00:00:00.000Z,BTCUSDT,115628.9,115779.6,115117.3,115173.4,19906.337
2025-09-22T00:00:00.000Z,BTCUSDT,115173.4,115340.2,111500,112600.7,95970.115
2025-09-23T00:00:00.000Z,BTCUSDT,112600.7,113247.1,111350.7,111937.5,58055.901
2025-09-24T00:00:00.000Z,BTCUSDT,111937.5,113900,110904.2,113255.5,58452.381
2025-09-25T00:00:00.000Z,BTCUSDT,113255.5,113457.3,108560,108931.3,106454.852
2025-09-26T00:00:00.000Z,BTCUSDT,108931.3,110255.6,108550,109592.1,61072.185
2025-09-27T00:00:00.000Z,BTCUSDT,109592.1,109710.9,108988,109585.6,19515.907
2025-09-28T00:00:00.000Z,BTCUSDT,109585.6,112345.9,109133.8,112133.5,38896.534
2025-09-29T00:00:00.000Z,BTCUSDT,112133.5,114377.1,111487.2,114251.4,61563.487
2025-09-30T00:00:00.000Z,BTCUSDT,114251.4,114825.7,112603.9,114013.8,65002.37
2025-10-01T00:00:00.000Z,BTCUSDT,114013.8,118644,113913.8,118555.4,90724.436
2025-10-02T00:00:00.000Z,BTCUSDT,118555.4,120994.2,118202.7,120484,92986.891
2025-10-03T00:00:00.000Z,BTCUSDT,120484,123858.6,119160,122180.2,102149.043
2025-10-04T00:00:00.000Z,BTCUSDT,122180.2,122767.7,121472.9,122359.3,33690.204
2025-10-05T00:00:00.000Z,BTCUSDT,122359.3,125849.7,122082.6,123447.9,103289.951
2025-10-06T00:00:00.000Z,BTCUSDT,123447.9,126150,122989.1,124606.1,89136.383
2025-10-07T00:00:00.000Z,BTCUSDT,124606.1,125114.2,120545,121299.4,111549.498
2025-10-08T00:00:00.000Z,BTCUSDT,121299.4,124162.5,121000,123245.3,80807.834
2025-10-09T00:00:00.000Z,BTCUSDT,123245.3,123733.9,119574,121603,101478.669
2025-10-10T00:00:00.000Z,BTCUSDT,121603,122490,101045.9,112732.5,269200.998
2025-10-11T00:00:00.000Z,BTCUSDT,112732.5,113279.8,109453.4,110599.9,88160.921
2025-10-12T00:00:00.000Z,BTCUSDT,110599.9,115749,109503.2,114908.5,98366.647
2025-10-13T00:00:00.000Z,BTCUSDT,114908.5,115950.6,113526.4,115116.7,80650.448
2025-10-14T00:00:00.000Z,BTCUSDT,115116.7,115370.5,109800,112972.1,140407.469
2025-10-15T00:00:00.000Z,BTCUSDT,112972.1,113590,110072.8,110705.3,78436.584
2025-10-16T00:00:00.000Z,BTCUSDT,110705.3,111962.3,107362.1,108137.8,111060.154
2025-10-17T00:00:00.000Z,BTCUSDT,108137.8,109199.3,103437.4,106364.6,131510.936
2025-10-18T00:00:00.000Z,BTCUSDT,106364.6,107476.5,106259.7,107122.2,31438.438
2025-10-19T00:00:00.000Z,BTCUSDT,107122.2,109434.5,106060.3,108597.3,54161.509
2025-10-20T00:00:00.000Z,BTCUSDT,108597.3,111692.3,107373.7,110490,83190.472
2025-10-21T00:00:00.000Z,BTCUSDT,110490,114000,107412.1,108240.1,152354.306
2025-10-22T00:00:00.000Z,BTCUSDT,108240.1,109273.7,106588,107522.8,110963.34
2025-10-23T00:00:00.000Z,BTCUSDT,107522.8,111272.4,107456.7,110015,83304.981
2025-10-24T00:00:00.000Z,BTCUSDT,110015,112162.2,109603.4,110964.7,72850.415
2025-10-25T00:00:00.000Z,BTCUSDT,110964.7,111935.8,110618.8,111587.5,25005.408
2025-10-26T00:00:00.000Z,BTCUSDT,111587.5,115583,111187.8,114498.3,51419.599
2025-10-27T00:00:00.000Z,BTCUSDT,114498.3,116373.3,113777.3,114061.3,64691.2
2025-10-28T00:00:00.000Z,BTCUSDT,114061.3,116060.5,112112,112836,90044.271
2025-10-29T00:00:00.000Z,BTCUSDT,112836,113598,109056.2,109948.8,108084.214
2025-10-30T00:00:00.000Z,BTCUSDT,109948.8,111571.9,106225,108261.7,127594.01
2025-10-31T00:00:00.000Z,BTCUSDT,108261.7,111147,108223,109546.7,79875.841
2025-11-01T00:00:00.000Z,BTCUSDT,109546.7,110537.2,109333,110046,23460.006
2025-11-02T00:00:00.000Z,BTCUSDT,110046,111200,109433,110493.5,29980.136
2025-11-03T00:00:00.000Z,BTCUSDT,110493.5,110721.3,105178.2,106536.4,100347.587
2025-11-04T00:00:00.000Z,BTCUSDT,106536.4,107266.7,98888.1,101441.9,142943.049
2025-11-05T00:00:00.000Z,BTCUSDT,101441.9,104500,98894.6,103835.2,83725.95
2025-11-06T00:00:00.000Z,BTCUSDT,103835.2,104167,100234.5,101296.2,83573.988
2025-11-07T00:00:00.000Z,BTCUSDT,101296.2,104047.6,99201.8,103300.5,87394.757
2025-11-08T00:00:00.000Z,BTCUSDT,103300.5,103378.7,101408.7,102268.6,33173.151
2025-11-09T00:00:00.000Z,BTCUSDT,102268.6,105442.9,101237.3,104665,56192.634
2025-11-10T00:00:00.000Z,BTCUSDT,104665,106634.8,104211.6,105969.5,65671.48
2025-11-11T00:00:00.000Z,BTCUSDT,105969.5,107481,102420.5,103009.7,73652.259
2025-11-12T00:00:00.000Z,BTCUSDT,103009.7,105316.9,100741.8,101595.6,81501.003
2025-11-13T00:00:00.000Z,BTCUSDT,101595.6,104031.9,97931,99629,123060.242
2025-11-14T00:00:00.000Z,BTCUSDT,99629,99901.5,93905.9,94533.3,137799.663
2025-11-15T00:00:00.000Z,BTCUSDT,94533.3,96777,94511.7,95559.1,42212.279
2025-11-16T00:00:00.000Z,BTCUSDT,95559.1,96594.9,92920.1,94215.9,65390.354
2025-11-17T00:00:00.000Z,BTCUSDT,94215.9,96046.2,91227.7,92171.4,106744.646
2025-11-18T00:00:00.000Z,BTCUSDT,92171.4,93800,89243.1,92925,125238.423
2025-11-19T00:00:00.000Z,BTCUSDT,92925,92950,88571.6,91509,118198.838
2025-11-20T00:00:00.000Z,BTCUSDT,91509,93150,86050.2,86583,142756.739
2025-11-21T00:00:00.000Z,BTCUSDT,86583,87460,80607.9,85097.1,222074.874
2025-11-22T00:00:00.000Z,BTCUSDT,85097.1,85592.2,83457.5,84701.5,45817.411
2025-11-23T00:00:00.000Z,BTCUSDT,84701.5,88082.9,84633,86802.8,69171.284
2025-11-24T00:00:00.000Z,BTCUSDT,86802.8,89172.2,85211.1,88240.1,113846.574
2025-11-25T00:00:00.000Z,BTCUSDT,88240.1,88496,86050,87315.5,85998.202
2025-11-26T00:00:00.000Z,BTCUSDT,87315.5,90649.9,86252.6,90427,79837.957
2025-11-27T00:00:00.000Z,BTCUSDT,90427,91902.7,90025,91284.2,56827.705
2025-11-28T00:00:00.000Z,BTCUSDT,91284.2,93081,90151.9,90845.7,74905.564
2025-11-29T00:00:00.000Z,BTCUSDT,90845.7,91128.9,90071.3,90766.9,28853.08
2025-11-30T00:00:00.000Z,BTCUSDT,90766.9,91963.7,90285.5,90308.6,33467.119
2025-12-01T00:00:00.000Z,BTCUSDT,90308.6,90374.4,83755.3,86244.1,141902.373
2025-12-02T00:00:00.000Z,BTCUSDT,86244.1,92298.9,86148.4,91241.7,108532.27
2025-12-03T00:00:00.000Z,BTCUSDT,91241.7,94189.4,90945,93390.1,103084.143
2025-12-04T00:00:00.000Z,BTCUSDT,93390.1,94058.1,90800,92031.8,74715.023
2025-12-05T00:00:00.000Z,BTCUSDT,92031.8,92658.3,88002.1,89273.7,92767.001
2025-12-06T00:00:00.000Z,BTCUSDT,89273.7,90234.6,88860,89185.4,28467.679
2025-12-07T00:00:00.000Z,BTCUSDT,89185.4,91726.2,87680,90335.4,66491.321
2025-12-08T00:00:00.000Z,BTCUSDT,90335.4,92261.9,89567.7,90598,68987.689
2025-12-09T00:00:00.000Z,BTCUSDT,90598,94550,89406.7,92636.1,87332.829
2025-12-10T00:00:00.000Z,BTCUSDT,92636.1,94457.8,91484.6,91971.7,77498.127
2025-12-11T00:00:00.000Z,BTCUSDT,91971.7,93544.9,89198.9,92483.7,92013.209
2025-12-12T00:00:00.000Z,BTCUSDT,92483.7,92730,89416.7,90230.9,69090.943
2025-12-13T00:00:00.000Z,BTCUSDT,90230.9,90589.8,89712.7,90186.4,18512.335
2025-12-14T00:00:00.000Z,BTCUSDT,90186.4,90440.7,87521.9,88116,44559.06
2025-12-15T00:00:00.000Z,BTCUSDT,88116,89986,85080,86391.7,99477.322
2025-12-16T00:00:00.000Z,BTCUSDT,86391.7,88149.6,85222,87821.3,80200.563
2025-12-17T00:00:00.000Z,BTCUSDT,87821.3,90341,85259.2,86197.3,114670.925
2025-12-18T00:00:00.000Z,BTCUSDT,86197.3,89483.5,84408.1,85470.1,118511.78
2025-12-19T00:00:00.000Z,BTCUSDT,85470.1,89381,85063,88101.1,93073.656
2025-12-20T00:00:00.000Z,BTCUSDT,88101.1,88539.9,87739.9,88314.8,17022.345
2025-12-21T00:00:00.000Z,BTCUSDT,88314.8,89046.3,87533.7,88629,35879.108
2025-12-22T00:00:00.000Z,BTCUSDT,88629,90588.8,87844.9,88578.3,75115.67
2025-12-23T00:00:00.000Z,BTCUSDT,88578.3,88896,86542.2,87444,72824.578
2025-12-24T00:00:00.000Z,BTCUSDT,87444,88032.9,86363.3,87636.3,44548.378
2025-12-25T00:00:00.000Z,BTCUSDT,87636.3,88565.5,86902.2,87178.1,32901.382
2025-12-26T00:00:00.000Z,BTCUSDT,87178.1,89539,86618.6,87328.8,70216.451
2025-12-27T00:00:00.000Z,BTCUSDT,87328.8,87958,87200.1,87835.6,12512.888
2025-12-28T00:00:00.000Z,BTCUSDT,87835.6,88064,87365.8,87909.9,17141.958
2025-12-29T00:00:00.000Z,BTCUSDT,87909.9,90422,86753,87184.6,80499.669
2025-12-30T00:00:00.000Z,BTCUSDT,87184.6,89373,86779.2,88458,60503.934
2025-12-31T00:00:00.000Z,BTCUSDT,88458,89194.3,87177.8,87594.9,45406.525
2026-01-01T00:00:00.000Z,BTCUSDT,87594.9,88891.9,87515,88810.1,24082.533
2026-01-02T00:00:00.000Z,BTCUSDT,88810.1,90958.5,88325.9,89953.8,80011.551
2026-01-03T00:00:00.000Z,BTCUSDT,89953.8,90706.4,89255.1,90599.9,25358.895
2026-01-04T00:00:00.000Z,BTCUSDT,90599.9,91775.6,90599.9,91490.7,34173.339
2026-01-05T00:00:00.000Z,BTCUSDT,91490.7,94749.9,91469,93825.5,83570.041
2026-01-06T00:00:00.000Z,BTCUSDT,93825.5,94405,91217.2,93714.6,81468.954
2026-01-07T00:00:00.000Z,BTCUSDT,93714.6,93714.6,90624.3,91332,74646.651
2026-01-08T00:00:00.000Z,BTCUSDT,91332,91641.4,89262,91061.9,76107.62
2026-01-09T00:00:00.000Z,BTCUSDT,91061.9,92001.6,89650.1,90608.4,69261.141
2026-01-10T00:00:00.000Z,BTCUSDT,90608.4,90812.1,90332.8,90479.6,11557.854
2026-01-11T00:00:00.000Z,BTCUSDT,90479.6,91254.5,90176.4,90962.6,20231.225
2026-01-12T00:00:00.000Z,BTCUSDT,90962.6,92500,90068,91248.7,77609.952
2026-01-13T00:00:00.000Z,BTCUSDT,91248.7,96654,91003,95389.5,96658.133
2026-01-14T00:00:00.000Z,BTCUSDT,95389.5,97963.2,94509,96900,85925.616
2026-01-15T00:00:00.000Z,BTCUSDT,96900,97174.5,95071.8,95559.9,67571.964
2026-01-16T00:00:00.000Z,BTCUSDT,95559.9,95819,94241.3,95504.9,46895.123
2026-01-17T00:00:00.000Z,BTCUSDT,95504.9,95653.3,94967.9,95103,14622.327
2026-01-18T00:00:00.000Z,BTCUSDT,95103,95490.5,93545,93624.6,26713.016
2026-01-19T00:00:00.000Z,BTCUSDT,93624.6,93624.6,91800.2,92584.3,56043.348
2026-01-20T00:00:00.000Z,BTCUSDT,92584.3,92847.1,87773.1,88379.9,93982.491
2026-01-21T00:00:00.000Z,BTCUSDT,88379.9,90542.2,87212,89410.1,98984.074
2026-01-22T00:00:00.000Z,BTCUSDT,89410.1,90337.9,88462.3,89511.7,56015.193
2026-01-23T00:00:00.000Z,BTCUSDT,89511.7,91180,88500,89551.7,57180.322
2026-01-24T00:00:00.000Z,BTCUSDT,89551.7,89883.4,89105.7,89177.1,12523.344
2026-01-25T00:00:00.000Z,BTCUSDT,89177.1,89271.8,86031.4,86625.6,58830.616
2026-01-26T00:00:00.000Z,BTCUSDT,86625.6,88843.9,86446.8,88305.1,60327.106
2026-01-27T00:00:00.000Z,BTCUSDT,88305.1,89499.8,87234,89202.3,59432.496
2026-01-28T00:00:00.000Z,BTCUSDT,89202.3,90597,88800,89261.7,67780.863
2026-01-29T00:00:00.000Z,BTCUSDT,89261.7,89312.7,83311,84599.8,103238.144
2026-01-30T00:00:00.000Z,BTCUSDT,84599.8,84692.3,81000,84222.5,117119.557
2026-01-31T00:00:00.000Z,BTCUSDT,84222.5,84254.3,75689.6,78704.4,140584.161
2026-02-01T00:00:00.000Z,BTCUSDT,78704.4,79388.5,75663.2,76938.5,85903.568
2026-02-02T00:00:00.000Z,BTCUSDT,76938.5,79388,74567.3,78693.9,112456.306
2026-02-03T00:00:00.000Z,BTCUSDT,78693.9,79177.7,72889.7,75723.2,135937.152
2026-02-04T00:00:00.000Z,BTCUSDT,75723.2,76991.2,71805.2,73130.3,128922.745
2026-02-05T00:00:00.000Z,BTCUSDT,73130.3,73312.1,62250,62872.7,286006.015
2026-02-06T00:00:00.000Z,BTCUSDT,62872.7,71719.9,59888,70532.3,231100.223
2026-02-07T00:00:00.000Z,BTCUSDT,70532.3,71653.2,67307.3,69248.2,111608.391
2026-02-08T00:00:00.000Z,BTCUSDT,69248.2,72254.1,68839,70289.8,63712.92
2026-02-09T00:00:00.000Z,BTCUSDT,70289.8,71418.4,68207.2,70110.8,86642.442
2026-02-10T00:00:00.000Z,BTCUSDT,70110.8,70508.8,67869,68804.3,75569.798
2026-02-11T00:00:00.000Z,BTCUSDT,68804.3,69265.8,65705,67044.5,121594.457
2026-02-12T00:00:00.000Z,BTCUSDT,67044.5,68396,65065,66244.8,98006.529
2026-02-13T00:00:00.000Z,BTCUSDT,66244.8,69450,65824.7,68819.2,84429.056
2026-02-14T00:00:00.000Z,BTCUSDT,68819.2,70550,68691.1,69790.1,45153.823
2026-02-15T00:00:00.000Z,BTCUSDT,69790.1,70937,68051.7,68800,60548.124
2026-02-16T00:00:00.000Z,BTCUSDT,68800,70099.1,67243.6,68863.8,63330.007
2026-02-17T00:00:00.000Z,BTCUSDT,68863.8,69228.5,66556.6,67474.9,73367.421
2026-02-18T00:00:00.000Z,BTCUSDT,67474.9,68440,65814.6,66426,69348.243
2026-02-19T00:00:00.000Z,BTCUSDT,66426,67307.9,65573.5,66982.1,64941.821
2026-02-20T00:00:00.000Z,BTCUSDT,66982.1,68299.9,66427.5,67989.2,92495.864
2026-02-21T00:00:00.000Z,BTCUSDT,67989.2,68687.1,67511,67934.5,32305.152
2026-02-22T00:00:00.000Z,BTCUSDT,67934.5,68224.4,67143.5,67610.5,31224.35
2026-02-23T00:00:00.000Z,BTCUSDT,67610.5,67652.2,63833,64615.3,119734.752
2026-02-24T00:00:00.000Z,BTCUSDT,64615.3,64979.7,62422.3,64032.5,107197.219
2026-02-25T00:00:00.000Z,BTCUSDT,64032.5,69989.8,63869.5,67958.3,148559.208
2026-02-26T00:00:00.000Z,BTCUSDT,67958.3,68841.7,66451.1,67447.5,90292.374
2026-02-27T00:00:00.000Z,BTCUSDT,67447.5,68185.6,64888,65833.4,82996.047
2026-02-28T00:00:00.000Z,BTCUSDT,65833.4,67739.5,62972.3,66939.6,119624.753
2026-03-01T00:00:00.000Z,BTCUSDT,66939.6,68183.2,65001,65746.9,90228.941
2026-03-02T00:00:00.000Z,BTCUSDT,65746.9,70066,65238.5,68799.9,116572.4
2026-03-03T00:00:00.000Z,BTCUSDT,68799.9,69222,66054.3,68299.5,112639.401
2026-03-04T00:00:00.000Z,BTCUSDT,68299.5,74021.8,67348.4,72640.4,143556.262
2026-03-05T00:00:00.000Z,BTCUSDT,72640.4,73537.9,70610,70847.6,104007.762
2026-03-06T00:00:00.000Z,BTCUSDT,70847.6,71384.5,67720,68075.5,97741.594
2026-03-07T00:00:00.000Z,BTCUSDT,68075.5,68536.8,66885.4,67227.1,39363.204
2026-03-08T00:00:00.000Z,BTCUSDT,67227.1,68167.7,65580,65943.8,67710.732
2026-03-09T00:00:00.000Z,BTCUSDT,65943.8,69500,65782.7,68390.7,100098.267
2026-03-10T00:00:00.000Z,BTCUSDT,68390.7,71762.8,68355,69907.5,123676.836
2026-03-11T00:00:00.000Z,BTCUSDT,69907.5,71300,68921.8,70150.8,93561.073
2026-03-12T00:00:00.000Z,BTCUSDT,70150.8,70772.4,69150,70482,83619.103
2026-03-13T00:00:00.000Z,BTCUSDT,70482,73869.8,70345.6,70884,125439.679
2026-03-14T00:00:00.000Z,BTCUSDT,70884,71263.8,70262,71178,31476.919
2026-03-15T00:00:00.000Z,BTCUSDT,71178,73217.2,70811.9,72777.5,54845.915
2026-03-16T00:00:00.000Z,BTCUSDT,72777.5,74900,72226.3,74854.7,103174.742
2026-03-17T00:00:00.000Z,BTCUSDT,74854.7,76053.9,73323.9,73861.6,90809.701
2026-03-18T00:00:00.000Z,BTCUSDT,73861.6,74640.2,70452,71213.7,99262.624
2026-03-19T00:00:00.000Z,BTCUSDT,71213.7,71588.2,68750,69881.8,95150.56
2026-03-20T00:00:00.000Z,BTCUSDT,69881.8,71343.9,69338,70476.1,84011.07
2026-03-21T00:00:00.000Z,BTCUSDT,70476.1,71068,68500,68870.5,35315.525
2026-03-22T00:00:00.000Z,BTCUSDT,68870.5,69557.3,67300.1,67828.1,63156.342
2026-03-23T00:00:00.000Z,BTCUSDT,67828.1,71788,67412.7,70865,134039.109
2026-03-24T00:00:00.000Z,BTCUSDT,70865,71393.8,68849.2,70518.3,98333.013
2026-03-25T00:00:00.000Z,BTCUSDT,70518.3,71984.8,70379.2,71304.3,81186.79
2026-03-26T00:00:00.000Z,BTCUSDT,71304.3,71420.9,68100.6,68793.4,84657.806
2026-03-27T00:00:00.000Z,BTCUSDT,68793.4,69150,65504.7,66374.7,98563.726
2026-03-28T00:00:00.000Z,BTCUSDT,66374.7,67287.8,65880.7,66345.4,39155.579
2026-03-29T00:00:00.000Z,BTCUSDT,66345.4,67113.3,64935.7,65990.7,47878.851
2026-03-30T00:00:00.000Z,BTCUSDT,65990.7,68199.9,65747.8,66767.3,84903.544
2026-03-31T00:00:00.000Z,BTCUSDT,66767.3,68599.9,65950,68244.6,104772.332
2026-04-01T00:00:00.000Z,BTCUSDT,68244.6,69301,67543.8,68086,75433.394
2026-04-02T00:00:00.000Z,BTCUSDT,68086,68645.7,65666,66870.9,87701.119
2026-04-03T00:00:00.000Z,BTCUSDT,66870.9,67344.9,66240,66932.7,42291.336
2026-04-04T00:00:00.000Z,BTCUSDT,66932.7,67543,66737,67266.7,21356.323
2026-04-05T00:00:00.000Z,BTCUSDT,67266.7,69115.9,66567,69002.4,48149.117
2026-04-06T00:00:00.000Z,BTCUSDT,69002.4,70351.7,68272,68807.5,80498.136
2026-04-07T00:00:00.000Z,BTCUSDT,68807.5,72766.4,67679,71894.6,116939.398
2026-04-08T00:00:00.000Z,BTCUSDT,71894.6,72850,70666.4,71033.2,90153.872
2026-04-09T00:00:00.000Z,BTCUSDT,71033.2,73141.6,70417.2,71755,103014.613
2026-04-10T00:00:00.000Z,BTCUSDT,71755,73454.9,71377.6,72920,71298.187
2026-04-11T00:00:00.000Z,BTCUSDT,72920,73800,72481.3,73011.6,36805.013
2026-04-12T00:00:00.000Z,BTCUSDT,73011.6,73104,70450,70715,62235.842
2026-04-13T00:00:00.000Z,BTCUSDT,70715,74868.2,70523.4,74383.7,94467.85
2026-04-14T00:00:00.000Z,BTCUSDT,74383.7,76010.3,73754.5,74092.2,86387.613
2026-04-15T00:00:00.000Z,BTCUSDT,74092.2,75396,73455.5,74778.3,69596.302
2026-04-16T00:00:00.000Z,BTCUSDT,74778.3,75506.2,73235.8,75105.6,77865.318
2026-04-17T00:00:00.000Z,BTCUSDT,75105.6,78332.6,74480.2,77018.5,101472.558
2026-04-18T00:00:00.000Z,BTCUSDT,77018.5,77379.9,75380,75650,43537.095
2026-04-19T00:00:00.000Z,BTCUSDT,75650,76211.8,73700.1,73765.8,57389.925
2026-04-20T00:00:00.000Z,BTCUSDT,73765.8,76528.2,73653.6,75789.1,72543.977
2026-04-21T00:00:00.000Z,BTCUSDT,75789.1,76934.1,74769.6,76294.8,72980.952
2026-04-22T00:00:00.000Z,BTCUSDT,76294.8,79423.5,76100,78139.5,84574.276
2026-04-23T00:00:00.000Z,BTCUSDT,78139.5,78633,76900,78214.3,87842.196
2026-04-24T00:00:00.000Z,BTCUSDT,78214.3,78537,77200,77404.9,62806.443
2026-04-25T00:00:00.000Z,BTCUSDT,77404.9,77847.6,77090.2,77591.4,19077.118
2026-04-26T00:00:00.000Z,BTCUSDT,77591.4,78942.3,77284.7,78622.1,44467.367
2026-04-27T00:00:00.000Z,BTCUSDT,78622.1,79457.4,76415.8,77328.7,75736.776
2026-04-28T00:00:00.000Z,BTCUSDT,77328.7,77448.2,75620.9,76300,49496.592
2026-04-29T00:00:00.000Z,BTCUSDT,76300,77860,74900,75750,77544.024
2026-04-30T00:00:00.000Z,BTCUSDT,75750,76644.3,75272.9,76301,44570.227
2026-05-01T00:00:00.000Z,BTCUSDT,76301,78900,76269.5,78189.3,61650.32
2026-05-02T00:00:00.000Z,BTCUSDT,78189.3,79182.5,77992.6,78655.1,21369.823
2026-05-03T00:00:00.000Z,BTCUSDT,78655.1,79421,78025,78529.9,34169.149
2026-05-04T00:00:00.000Z,BTCUSDT,78529.9,80742.2,78170.4,79818.9,104936.722
2026-05-05T00:00:00.000Z,BTCUSDT,79818.9,81787,79752.5,80851.6,65141.767
2026-05-06T00:00:00.000Z,BTCUSDT,80851.6,82811,80638,81394.2,67227.593
2026-05-07T00:00:00.000Z,BTCUSDT,81394.2,81671,79461.7,79975.4,59754.979
2026-05-08T00:00:00.000Z,BTCUSDT,79975.4,80477.6,79120,80158.1,47323.076
2026-05-09T00:00:00.000Z,BTCUSDT,80158.1,81049.9,80083,80628,21430.024
2026-05-10T00:00:00.000Z,BTCUSDT,80628,82450,80206.3,82181.9,44667.358
2026-05-11T00:00:00.000Z,BTCUSDT,82181.9,82350,80410,81699.8,50803.921
2026-05-12T00:00:00.000Z,BTCUSDT,81699.8,81768.1,79800.1,80459.8,53087.862
2026-05-13T00:00:00.000Z,BTCUSDT,80459.8,81305.9,78724.9,79285.8,58111.701
2026-05-14T00:00:00.000Z,BTCUSDT,79285.8,81999,78863.2,81052.6,71424.838
2026-05-15T00:00:00.000Z,BTCUSDT,81052.6,81639.1,78610,79069.5,71934.59
2026-05-16T00:00:00.000Z,BTCUSDT,79069.5,79192.8,77601,78106.5,33994.96
2026-05-17T00:00:00.000Z,BTCUSDT,78106.5,78569.9,76671.5,77416.4,40227.787
2026-05-18T00:00:00.000Z,BTCUSDT,77416.4,77766.4,75999.9,76963.9,82500.503
2026-05-19T00:00:00.000Z,BTCUSDT,76963.9,77377.6,76105,76806.1,41064.782
2026-05-20T00:00:00.000Z,BTCUSDT,76806.1,77838.9,76465.9,77518.9,44655.662
2026-05-21T00:00:00.000Z,BTCUSDT,77518.9,78173,76680.1,77588.4,54827.313
2026-05-22T00:00:00.000Z,BTCUSDT,77588.4,77865,75311,75509.6,59270.781
2026-05-23T00:00:00.000Z,BTCUSDT,75509.6,77371.9,74221.4,76709,67236.629
2026-05-24T00:00:00.000Z,BTCUSDT,76709,77490,76062.2,77032.5,42693.506
2026-05-25T00:00:00.000Z,BTCUSDT,77032.5,77885,76859.9,77280.5,36779.062
2026-05-26T00:00:00.000Z,BTCUSDT,77280.5,78049,75627.9,75897.4,79398.113
2026-05-27T00:00:00.000Z,BTCUSDT,75897.4,76136.8,74201.2,74412.4,70074.484
2026-05-28T00:00:00.000Z,BTCUSDT,74412.4,74557.7,72552,73597.6,86542.849
2026-05-29T00:00:00.000Z,BTCUSDT,73597.6,74310,72460.7,73437.3,78364.439
2026-05-30T00:00:00.000Z,BTCUSDT,73437.3,74117.7,73160.3,73854.1,21219.414
2026-05-31T00:00:00.000Z,BTCUSDT,73854.1,74246.1,73351,73649.6,29979.236
2026-06-01T00:00:00.000Z,BTCUSDT,73649.6,74057.6,70650.4,71391.3,98729.422
2026-06-02T00:00:00.000Z,BTCUSDT,71391.3,71398.4,66160,66725.2,158332.094
2026-06-03T00:00:00.000Z,BTCUSDT,66725.2,67497.5,64035.3,64115.2,126951.178
2026-06-04T00:00:00.000Z,BTCUSDT,64115.2,64734.4,61333,63849.1,163465.147
2026-06-05T00:00:00.000Z,BTCUSDT,63849.1,63954.5,59081.4,61026.6,208616.655
2026-06-06T00:00:00.000Z,BTCUSDT,61026.6,61496.4,59428.7,60855.6,84151.294
2026-06-07T00:00:00.000Z,BTCUSDT,60855.6,64250,60711.1,63306.5,108294.48
2026-06-08T00:00:00.000Z,BTCUSDT,63306.5,64220.9,62374,63056.4,84262.562
2026-06-09T00:00:00.000Z,BTCUSDT,63056.4,63501,60705,61699.9,102673.859
2026-06-10T00:00:00.000Z,BTCUSDT,61699.9,62846.8,60614.5,61476.4,90916.266
2026-06-11T00:00:00.000Z,BTCUSDT,61476.4,63900,61476.4,63600,80618.308
2026-06-12T00:00:00.000Z,BTCUSDT,63600,64371.8,62810,63547.1,63194.373
2026-06-13T00:00:00.000Z,BTCUSDT,63547.1,64746.9,63372.8,64416.6,34769.04
2026-06-14T00:00:00.000Z,BTCUSDT,64416.6,65770,63643.7,65710,52469.377
2026-06-15T00:00:00.000Z,BTCUSDT,65710,67276,65317,66287.2,69019.982
2026-06-16T00:00:00.000Z,BTCUSDT,66287.2,66970,65327.4,65640,60153.517
2026-06-17T00:00:00.000Z,BTCUSDT,65640,66444.7,63869.6,64476.6,89269.004
2026-06-18T00:00:00.000Z,BTCUSDT,64476.6,64781.8,62216.4,62920.1,89421.713
2026-06-19T00:00:00.000Z,BTCUSDT,62920.1,63641.1,62271.6,63508.9,53203.235
2026-06-20T00:00:00.000Z,BTCUSDT,63508.9,64356.6,63154.5,64265.4,42233.187
2026-06-21T00:00:00.000Z,BTCUSDT,64265.4,64589.1,63209.3,63283.4,36109.155
2026-06-22T00:00:00.000Z,BTCUSDT,63283.4,65596,63279.8,63989.3,84517.437
2026-06-23T00:00:00.000Z,BTCUSDT,63989.3,64252.8,61878.4,62693.7,80963.493
2026-06-24T00:00:00.000Z,BTCUSDT,62693.7,63232.7,59065.8,61054.7,123288.725
2026-06-25T00:00:00.000Z,BTCUSDT,61054.7,61942.3,58042.6,59767.3,141268.103
2026-06-26T00:00:00.000Z,BTCUSDT,59767.3,60731.3,58289.5,60073.4,121158.15
2026-06-27T00:00:00.000Z,BTCUSDT,60073.4,60918.3,59807.5,59995.3,37343.082
2026-06-28T00:00:00.000Z,BTCUSDT,59995.3,60522.5,58860,59550.4,45106.813
2026-06-29T00:00:00.000Z,BTCUSDT,59550.4,60775,58850.6,60224,106823.016
2026-06-30T00:00:00.000Z,BTCUSDT,60224,60249,58156.7,58603.5,82689.682
2026-07-01T00:00:00.000Z,BTCUSDT,58603.5,61325.3,57755.8,60000,110530.621
2026-07-02T00:00:00.000Z,BTCUSDT,60000,62188.7,59556.1,61532.7,85493.955
2026-07-03T00:00:00.000Z,BTCUSDT,61532.7,62946.1,61210.4,62555.6,47781.523
2026-07-04T00:00:00.000Z,BTCUSDT,62555.6,63450,62311.8,63112.2,34154.471
2026-07-05T00:00:00.000Z,BTCUSDT,63112.2,63987.1,62389.4,63614.4,45211.111
2026-07-06T00:00:00.000Z,BTCUSDT,63614.4,64703.2,61272.5,64020,118320.45
2026-07-07T00:00:00.000Z,BTCUSDT,64020,64303,62635.5,63332.5,93282.726
2026-07-08T00:00:00.000Z,BTCUSDT,63332.5,63743.7,61500,62256,74661.662
2026-07-09T00:00:00.000Z,BTCUSDT,62256,63479.9,61667.6,63196.8,70001.64
2026-07-10T00:00:00.000Z,BTCUSDT,63196.8,64688.2,62890.6,64141.1,59390.668
2026-07-11T00:00:00.000Z,BTCUSDT,64141.1,64490.9,63762.6,63782.3,22920.141
2026-07-12T00:00:00.000Z,BTCUSDT,63782.3,64282.2,63594.3,63745,30613.351
2026-07-13T00:00:00.000Z,BTCUSDT,63745,64412,61777.6,62311.4,81143.057
2026-07-14T00:00:00.000Z,BTCUSDT,62311.4,65084.1,62235.4,65013.4,81690.459
2026-07-15T00:00:00.000Z,BTCUSDT,65013.4,65566.6,64449.1,64717.1,56788.186
2026-07-16T00:00:00.000Z,BTCUSDT,64717.1,64974.7,63701.8,63795.3,52811.057
2026-07-17T00:00:00.000Z,BTCUSDT,63795.3,64360,62502,63911.1,79236.771
2026-07-18T00:00:00.000Z,BTCUSDT,63911.1,64847.1,63858.7,64806,21479.779
2026-07-19T00:00:00.000Z,BTCUSDT,64806,64948,64224.3,64698.2,27318.106
2026-07-20T00:00:00.000Z,BTCUSDT,64698.2,65769.3,63678.8,65221.1,74048.77
2026-07-21T00:00:00.000Z,BTCUSDT,65221.1,66937.7,65114,66524,56520.694
2026-07-22T00:00:00.000Z,BTCUSDT,66524,66709.5,65509.8,66080.8,47157.489
2026-07-23T00:00:00.000Z,BTCUSDT,66080.8,66285.5,64581.8,65065.8,48759.452
2026-07-24T00:00:00.000Z,BTCUSDT,65065.8,65784.7,63700.7,64113,60808.873
2026-07-25T00:00:00.000Z,BTCUSDT,64113,64422.4,63750.1,64335.1,17527.913
2026-07-26T00:00:00.000Z,BTCUSDT,64335.1,65559.4,64256.8,65376,27685.466
2026-07-27T00:00:00.000Z,BTCUSDT,65376,65749.2,63565,63724.5,62432.819
2026-07-28T00:00:00.000Z,BTCUSDT,63724.5,64087.5,62707.4,63901.7,65354.25
2026-07-29T00:00:00.000Z,BTCUSDT,63901.7,64733,63176,63952.6,79834.135
2026-07-30T00:00:00.000Z,BTCUSDT,63952.6,65186.3,63580,64751.1,45057.292
2026-07-31T00:00:00.000Z,BTCUSDT,64751.1,65391.6,62384.9,62857.8,73951.472
2026-08-01T00:00:00.000Z,BTCUSDT,62857.8,63118.3,62240,62790.3,22687.229
2026-08-02T00:00:00.000Z,BTCUSDT,62790.3,63770,62782.1,63545.9,35918.856
2026-08-03T00:00:00.000Z,BTCUSDT,63545.9,64067.8,62266.6,63504,67818.927
2026-08-04T00:00:00.000Z,BTCUSDT,63504,64500,63286.4,64076.5,55299.652
2026-08-05T00:00:00.000Z,BTCUSDT,64076.5,65000,63850,64627.3,62087.752
2026-08-06T00:00:00.000Z,BTCUSDT,64627.3,64980,64137.1,64288.4,44928.958
2026-08-07T00:00:00.000Z,BTCUSDT,64288.4,65366.8,64112,64883.1,60939.674
2026-08-08T00:00:00.000Z,BTCUSDT,64883.1,65175.3,64773.4,64929.4,11048.342
2026-08-09T00:00:00.000Z,BTCUSDT,64929.4,65547,64694.4,64863.5,23957.598
2026-08-10T00:00:00.000Z,BTCUSDT,64863.5,65372.7,63779.2,63946.8,60038.6
2026-08-11T00:00:00.000Z,BTCUSDT,63946.8,64486.3,63183.1,63560.5,50071.448
2026-08-12T00:00:00.000Z,BTCUSDT,63560.5,64477,63260.1,63450.8,51458.131
2026-08-13T00:00:00.000Z,BTCUSDT,63450.8,63994.4,62810.5,63461.9,55557.178
2026-08-14T00:00:00.000Z,BTCUSDT,63461.9,63597.6,62505.1,63018.5,48744.984
2026-08-15T00:00:00.000Z,BTCUSDT,63018.5,63159.9,62883.3,63059.2,9952.058
2026-08-16T00:00:00.000Z,BTCUSDT,63059.2,63366,62676.4,62873.2,15081.77
2026-08-17T00:00:00.000Z,BTCUSDT,62873.2,64664,62711.4,64498.1,61436.127
2026-08-18T00:00:00.000Z,BTCUSDT,64498.1,65041.7,64007.6,64693.2,43004.337
2026-08-19T00:00:00.000Z,BTCUSDT,64693.2,70052.6,64136,69305,152017.646
2026-08-20T00:00:00.000Z,BTCUSDT,69305,73399.7,68875,72992.3,118109.251
2026-08-21T00:00:00.000Z,BTCUSDT,72992.3,79559.2,72987.5,78307.5,157023.531
2026-08-22T00:00:00.000Z,BTCUSDT,78307.5,78826.9,76451.4,77073.5,51576.485
2026-08-23T00:00:00.000Z,BTCUSDT,77073.5,78044.4,75550,77712.6,51968.002
2026-08-24T00:00:00.000Z,BTCUSDT,77712.6,79979.2,76606.9,78953.1,93753.384
2026-08-25T00:00:00.000Z,BTCUSDT,78953.1,81260,77800,78498.1,90961.808
2026-08-26T00:00:00.000Z,BTCUSDT,78498.1,79220,77553.4,78989.8,53498.04
2026-08-27T00:00:00.000Z,BTCUSDT,78989.8,80819,78500,80209.3,65607.177
2026-08-28T00:00:00.000Z,BTCUSDT,80209.3,81499.9,76824.3,77809.8,92222.549
2026-08-29T00:00:00.000Z,BTCUSDT,77809.8,78327.6,77342.5,78196.6,21567.957
2026-08-30T00:00:00.000Z,BTCUSDT,78196.6,79367.5,76900,77639.1,42163.508
2026-08-31T00:00:00.000Z,BTCUSDT,77639.1,79280.8,77336.8,78541.8,64600.523
2026-09-01T00:00:00.000Z,BTCUSDT,78541.8,79200,76364,77392.6,69530.47
2026-09-02T00:00:00.000Z,BTCUSDT,77392.6,77777.9,76199.1,77298.1,55150.045
2026-09-03T00:00:00.000Z,BTCUSDT,77298.1,82276.6,76923,81224.6,94193.809
2026-09-04T00:00:00.000Z,BTCUSDT,81224.6,81399,78603.9,79621,66928.694
2026-09-05T00:00:00.000Z,BTCUSDT,79621,80188.1,79394.1,79795.3,17147.177
2026-09-06T00:00:00.000Z,BTCUSDT,79795.3,80522.7,79132.2,80299.6,26301.863
2026-09-07T00:00:00.000Z,BTCUSDT,80299.6,80413,78633.3,79072.5,38415.51
2026-09-08T00:00:00.000Z,BTCUSDT,79072.5,79472.2,77579.4,78425.6,53468.908
2026-09-09T00:00:00.000Z,BTCUSDT,78425.6,79743.8,77716.7,78263.4,56235.116
2026-09-10T00:00:00.000Z,BTCUSDT,78263.4,78536.7,76394.1,76535.2,58393.455
2026-09-11T00:00:00.000Z,BTCUSDT,76535.2,79909.7,75903,77178.6,81350.756
2026-09-12T00:00:00.000Z,BTCUSDT,77178.6,77482.5,77022.6,77244.7,12607.292
2026-09-13T00:00:00.000Z,BTCUSDT,77244.7,77443,76425,76789,24570.528
2026-09-14T00:00:00.000Z,BTCUSDT,76789,79577.3,76305.4,78158.1,65509.368
2026-09-15T00:00:00.000Z,BTCUSDT,78158.1,78226.1,74919.6,75608,89145.309
2026-09-16T00:00:00.000Z,BTCUSDT,75608,76529.1,75000.5,76169.9,68273.51
2026-09-17T00:00:00.000Z,BTCUSDT,76169.9,77144,75981,76385.1,49945.756
2026-09-18T00:00:00.000Z,BTCUSDT,76385.1,81389.9,76242.5,80870.4,90261.074
2026-09-19T00:00:00.000Z,BTCUSDT,80870.4,81954.6,80807.5,81234.9,32118.846
2026-09-20T00:00:00.000Z,BTCUSDT,81234.9,81479.4,80092.3,81141.1,37516.608
2026-09-21T00:00:00.000Z,BTCUSDT,81141.1,87383.6,80820,86579.8,115945.454
2026-09-22T00:00:00.000Z,BTCUSDT,86579.8,86716.6,85066.3,86168.1,71527.709
2026-09-23T00:00:00.000Z,BTCUSDT,86168.1,87282.5,83453.7,84355.2,81193.589
2026-09-24T00:00:00.000Z,BTCUSDT,84355.2,84929.5,82800,84367,73920.331
2026-09-25T00:00:00.000Z,BTCUSDT,84367,85241,83106.4,84059.9,60594.442
2026-09-26T00:00:00.000Z,BTCUSDT,84059.9,84450,83715.2,84393.5,17801.027
2026-09-27T00:00:00.000Z,BTCUSDT,84393.5,85143.7,84082,84437.1,24740.918
2026-09-28T00:00:00.000Z,BTCUSDT,84437.1,84974.9,82468,83458.6,63171.945
2026-09-29T00:00:00.000Z,BTCUSDT,83458.6,84556,82722,83628.5,46736.977
2026-09-30T00:00:00.000Z,BTCUSDT,83628.5,85696.2,82884.2,83573.8,69518.427
2026-10-01T00:00:00.000Z,BTCUSDT,83573.8,85249.6,83107.7,84836,63131.965
2026-10-02T00:00:00.000Z,BTCUSDT,84836,87242.2,83835.6,84475.9,90255.821
2026-10-03T00:00:00.000Z,BTCUSDT,84475.9,84988.9,84407.8,84716.5,13967.457
2026-10-04T00:00:00.000Z,BTCUSDT,84716.5,86773.9,84670.6,86486.7,26372.94
2026-10-05T00:00:00.000Z,BTCUSDT,86486.7,86986.5,84907.7,85725.1,58060.707
2026-10-06T00:00:00.000Z,BTCUSDT,85725.1,86674.2,85080.5,85510,46080.176
